cycle,soh_A,ri_A,temp_A,curr_A,soh_B,ri_B,temp_B,curr_B
1,100.0,0.08,31.4,2.0,100.0,0.08,31.4,2.0
2,99.81856,0.08021772799999999,31.41741824,2.0,99.81856,0.08021772799999999,31.41741824,2.0
3,99.63695278489601,0.08043565665812479,31.434852532649984,2.0,99.63695278489601,0.08043565665812479,31.434852532649984,2.0
4,99.45517820058257,0.08065378615930092,31.452302892744072,2.0,99.45517820058257,0.08065378615930092,31.452302892744072,2.0
5,99.27323609281223,0.08087211668862533,31.469769335090028,2.0,99.27323609281223,0.08087211668862533,31.469769335090028,2.0
6,99.09112630719537,0.08109064843136557,31.487251874509248,2.0,99.09112630719537,0.08109064843136557,31.487251874509248,2.0
7,98.90884868920008,0.0813093815729599,31.50475052583679,2.0,98.90884868920008,0.0813093815729599,31.50475052583679,2.0
8,98.72640308415205,0.08152831629901754,31.5222653039214,2.0,98.72640308415205,0.08152831629901754,31.5222653039214,2.0
9,98.54378933723441,0.0817474527953187,31.539796223625494,2.0,98.54378933723441,0.0817474527953187,31.539796223625494,2.0
10,98.36100729348762,0.08196679124781486,31.557343299825188,2.0,98.36100729348762,0.08196679124781486,31.557343299825188,2.0
11,98.17805679780929,0.08218633184262884,31.574906547410308,2.0,98.17805679780929,0.08218633184262884,31.574906547410308,2.0
12,97.99493769495415,0.08240607476605502,31.5924859812844,2.0,97.99493769495415,0.08240607476605502,31.5924859812844,2.0
13,97.81164982953382,0.08262602020455942,31.610081616364752,2.0,97.81164982953382,0.08262602020455942,31.610081616364752,2.0
14,97.62819304601672,0.08284616834477994,31.627693467582397,2.0,97.62819304601672,0.08284616834477994,31.627693467582397,2.0
15,97.44456718872793,0.08306651937352648,31.64532154988212,2.0,97.44456718872793,0.08306651937352648,31.64532154988212,2.0
16,97.26077210184906,0.08328707347778114,31.66296587822249,2.0,97.26077210184906,0.08328707347778114,31.66296587822249,2.0
17,97.07680762941813,0.08350783084469825,31.68062646757586,2.0,97.07680762941813,0.08350783084469825,31.68062646757586,2.0
18,96.8926736153294,0.08372879166160471,31.698303332928376,2.0,96.8926736153294,0.08372879166160471,31.698303332928376,2.0
19,96.70836990333329,0.08394995611600005,31.715996489280002,2.0,96.70836990333329,0.08394995611600005,31.715996489280002,2.0
20,96.5238963370362,0.08417132439555655,31.733705951644524,2.0,96.5238963370362,0.08417132439555655,31.733705951644524,2.0
21,96.33925275990042,0.0843928966881195,31.75143173504956,2.0,96.33925275990042,0.0843928966881195,31.75143173504956,2.0
22,96.15443901524394,0.08461467318170728,31.769173854536582,2.0,96.15443901524394,0.08461467318170728,31.769173854536582,2.0
23,95.96945494624039,0.08483665406451155,31.786932325160926,2.0,95.96945494624039,0.08483665406451155,31.786932325160926,2.0
24,95.78430039591885,0.08505883952489737,31.80470716199179,2.0,95.78430039591885,0.08505883952489737,31.80470716199179,2.0
25,95.59897520716373,0.08528122975140352,31.822498380112282,2.0,95.59897520716373,0.08528122975140352,31.822498380112282,2.0
26,95.41347922271466,0.08550382493274242,31.840305994619392,2.0,95.41347922271466,0.08550382493274242,31.840305994619392,2.0
27,95.22781228516631,0.08572662525780043,31.858130020624035,2.0,95.22781228516631,0.08572662525780043,31.858130020624035,2.0
28,95.04197423696831,0.08594963091563802,31.87597047325104,2.0,95.04197423696831,0.08594963091563802,31.87597047325104,2.0
29,94.85596492042511,0.08617284209548988,31.89382736763919,2.0,94.85596492042511,0.08617284209548988,31.89382736763919,2.0
30,94.66978417769577,0.08639625898676506,31.911700718941205,2.0,94.66978417769577,0.08639625898676506,31.911700718941205,2.0
31,94.48343185079393,0.08661988177904728,31.929590542323783,2.0,94.48343185079393,0.08661988177904728,31.929590542323783,2.0
32,94.29690778158762,0.08684371066209487,31.94749685296759,2.0,94.29690778158762,0.08684371066209487,31.94749685296759,2.0
33,94.11021181179913,0.08706774582584105,31.965419666067284,2.0,94.11021181179913,0.08706774582584105,31.965419666067284,2.0
34,93.92334378300488,0.08729198746039414,31.98335899683153,2.0,93.92334378300488,0.08729198746039414,31.98335899683153,2.0
35,93.7363035366353,0.08751643575603764,32.00131486048301,2.0,93.7363035366353,0.08751643575603764,32.00131486048301,2.0
36,93.54909091397467,0.08774109090323041,32.01928727225843,2.0,93.54909091397467,0.08774109090323041,32.01928727225843,2.0
37,93.36170575616099,0.08796595309260681,32.03727624740854,2.0,93.36170575616099,0.08796595309260681,32.03727624740854,2.0
38,93.17414790418586,0.08819102251497697,32.055281801198156,2.0,93.17414790418586,0.08819102251497697,32.055281801198156,2.0
39,92.98641719889436,0.08841629936132676,32.073303948906144,2.0,92.98641719889436,0.08841629936132676,32.073303948906144,2.0
40,92.79851348098487,0.08864178382281816,32.091342705825454,2.0,92.79851348098487,0.08864178382281816,32.091342705825454,2.0
41,92.61043659100895,0.08886747609078925,32.10939808726314,2.0,92.61043659100895,0.08886747609078925,32.10939808726314,2.0
42,92.42218636937122,0.08909337635675454,32.127470108540365,2.0,92.42218636937122,0.08909337635675454,32.127470108540365,2.0
43,92.23376265632923,0.08931948481240491,32.145558784992396,2.0,92.23376265632923,0.08931948481240491,32.145558784992396,2.0
44,92.0451652919933,0.08954580164960804,32.163664131968645,2.0,92.0451652919933,0.08954580164960804,32.163664131968645,2.0
45,91.8563941163264,0.08977232706040832,32.181786164832666,2.0,91.8563941163264,0.08977232706040832,32.181786164832666,2.0
46,91.667448969144,0.08999906123702721,32.19992489896218,2.0,91.667448969144,0.08999906123702721,32.19992489896218,2.0
47,91.47832969011397,0.09022600437186323,32.21808034974906,2.0,91.47832969011397,0.09022600437186323,32.21808034974906,2.0
48,91.28903611875637,0.09045315665749236,32.23625253259939,2.0,91.28903611875637,0.09045315665749236,32.23625253259939,2.0
49,91.09956809444341,0.09068051828666791,32.254441462933436,2.0,91.09956809444341,0.09068051828666791,32.254441462933436,2.0
50,90.90992545639925,0.09090808945232091,32.27264715618567,2.0,90.90992545639925,0.09090808945232091,32.27264715618567,2.0
51,90.72010804369987,0.09113587034756016,32.29086962780481,2.0,90.72010804369987,0.09113587034756016,32.29086962780481,2.0
52,90.53011569527294,0.09136386116567247,32.3091088932538,2.0,90.53011569527294,0.09136386116567247,32.3091088932538,2.0
53,90.3399482498977,0.09159206210012276,32.32736496800982,2.0,90.3399482498977,0.09159206210012276,32.32736496800982,2.0
54,90.14960554620481,0.09182047334455422,32.345637867564335,2.0,90.14960554620481,0.09182047334455422,32.345637867564335,2.0
55,89.95908742267619,0.09204909509278857,32.363927607423086,2.0,89.95908742267619,0.09204909509278857,26.84098190185577,1.0
56,89.76839371764493,0.09227792753882609,32.38223420310609,2.0,89.82141399641837,0.09221430320429796,26.84428606408596,1.0
57,89.57752426929511,0.09250697087684588,32.40055767014767,2.0,89.68370885020315,0.09237954937975623,26.847590987595126,1.0
58,89.3864789156617,0.09273622530120595,32.41889802409648,2.0,89.54597197672223,0.09254483362793332,26.850896672558665,1.0
59,89.19525749463037,0.09296569100644356,32.43725528051549,2.0,89.40820336866567,0.09271015595760121,26.854203119152025,1.0
60,89.00385984393742,0.0931953681872751,32.45562945498201,2.0,89.27040301872181,0.09287551637753383,26.857510327550678,1.0
61,88.8122858011696,0.09342525703859648,32.47402056308772,2.0,89.13257091957732,0.09304091489650722,26.860818297930145,1.0
62,88.62053520376395,0.09365535775548325,32.49242862043866,2.0,88.99470706391719,0.09320635152329937,26.864127030465987,1.0
63,88.42860788900774,0.09388567053319072,32.510853642655256,2.0,88.85681144442472,0.09337182626669034,26.867436525333808,1.0
64,88.23650369403825,0.0941161955671541,32.52929564537233,2.0,88.71888405378152,0.09353733913546217,26.870746782709244,1.0
65,88.04422245584267,0.09434693305298879,32.547754644239106,2.0,88.58092488466751,0.09370289013839898,26.87405780276798,1.0
66,87.85176401125797,0.09457788318649044,32.56623065491924,2.0,88.44293392976094,0.09386847928428686,26.877369585685738,1.0
67,87.65912819697074,0.0948090461636351,32.58472369309081,2.0,88.30491118173836,0.09403410658191398,26.88068213163828,1.0
68,87.46631484951708,0.09504042218057951,32.60323377444636,2.0,88.16685663327463,0.09419977204007043,26.88399544080141,1.0
69,87.27332380528239,0.09527201143366114,32.62176091469289,2.0,88.02877027704294,0.09436547566754847,26.88730951335097,1.0
70,87.08015490050134,0.09550381411939839,32.64030512955187,2.0,87.89065210571476,0.09453121747314228,26.890624349462847,1.0
71,86.88680797125764,0.09573583043449084,32.65886643475927,2.0,87.75250211195993,0.09469699746564808,26.893939949312962,1.0
72,86.69328285348395,0.09596806057581926,32.67744484606554,2.0,87.61432028844652,0.09486281565386417,26.897256313077282,1.0
73,86.49957938296173,0.09620050474044593,32.696040379235676,2.0,87.47610662784098,0.09502867204659082,26.900573440931815,1.0
74,86.30569739532106,0.09643316312561473,32.71465305004918,2.0,87.33786112280804,0.09519456665263036,26.903891333052606,1.0
75,86.11163672604059,0.0966660359287513,32.7332828743001,2.0,87.19958376601073,0.09536049948078713,26.907209989615744,1.0
76,85.9173972104473,0.09689912334746323,32.75192986779706,2.0,87.06127455011043,0.0955264705398675,26.91052941079735,1.0
77,85.72297868371645,0.09713242557954026,32.77059404636322,2.0,86.92293346776677,0.09569247983867989,26.9138495967736,1.0
78,85.52838098087136,0.09736594282295437,32.78927542583635,2.0,86.78456051163774,0.09585852738603472,26.917170547720694,1.0
79,85.33360393678333,0.09759967527586,32.8079740220688,2.0,86.64615567437961,0.09602461319074447,26.92049226381489,1.0
80,85.13864738617147,0.09783362313659424,32.826689850927536,2.0,86.507718948647,0.09619073726162361,26.923814745232473,1.0
81,84.94351116360257,0.09806778660367693,32.845422928294155,2.0,86.36925032709276,0.09635689960748871,26.927137992149774,1.0
82,84.74819510349094,0.09830216587581087,32.86417327006487,2.0,86.23074980236812,0.09652310023715827,26.930462004743166,1.0
83,84.55269904009832,0.09853676115188202,32.882940892150565,2.0,86.09221736712259,0.09668933915945291,26.933786783189056,1.0
84,84.35702280753367,0.09877157263095959,32.90172581047677,2.0,85.95365301400398,0.09685561638319523,26.937112327663904,1.0
85,84.16116623975309,0.09900660051229629,32.920528040983704,2.0,85.8150567356584,0.09702193191720992,26.940438638344197,1.0
86,83.96512917055965,0.09924184499532843,32.939347599626274,2.0,85.6764285247303,0.09718828577032364,26.94376571540647,1.0
87,83.76891143360324,0.09947730627967612,32.95818450237409,2.0,85.53776837386239,0.09735467795136513,26.9470935590273,1.0
88,83.57251286238045,0.09971298456514345,32.977038765211475,2.0,85.39907627569573,0.09752110846916512,26.9504221693833,1.0
89,83.37593329023441,0.0999488800517187,32.9959104041375,2.0,85.26035222286966,0.09768757733255642,26.953751546651127,1.0
90,83.17917255035469,0.10018499293957436,33.01479943516595,2.0,85.1215962080218,0.09785408455037384,26.957081691007478,1.0
91,82.9822304757771,0.10042132342906747,33.0337058743254,2.0,84.98280822378813,0.09802063013145425,26.960412602629084,1.0
92,82.78510689938358,0.10065787172073971,33.052629737659174,2.0,84.84398826280288,0.09818721408463654,26.96374428169273,1.0
93,82.58780165390205,0.10089463801531753,33.071571041225404,2.0,84.70513631769863,0.09835383641876165,26.967076728375233,1.0
94,82.39031457190629,0.10113162251371247,33.090529801097,2.0,84.56625238110622,0.09852049714267253,26.97040994285345,1.0
95,82.19264548581576,0.1013688254170211,33.10950603336169,2.0,84.42733644565483,0.0986871962652142,26.973743925304284,1.0
96,81.99479422789548,0.10160624692652542,33.12849975412203,2.0,84.28838850397192,0.0988539337952337,26.977078675904675,1.0
97,81.79676063025592,0.10184388724369291,33.147510979495436,2.0,84.14940854868323,0.09902070974158013,26.980414194831603,1.0
98,81.59854452485276,0.10208174657017668,33.166539725614136,2.0,84.01039657241284,0.0991875241131046,26.983750482262092,1.0
99,81.40014574348686,0.10231982510781577,33.185586008625265,2.0,83.87135256778313,0.09935437691866024,26.987087538373206,1.0
100,81.20156411780405,0.10255812305863513,33.204649844690806,2.0,83.73227652741475,0.0995212681671023,26.990425363342045,1.0
101,81.00279947929502,0.10279664062484598,33.22373124998768,2.0,83.59316844392667,0.099688197867288,26.99376395734576,1.0
102,80.80385165929513,0.10303537800884584,33.24283024070767,2.0,83.45402830993615,0.09985516602807662,26.997103320561532,1.0
103,80.60472048898434,0.10327433541321879,33.26194683305751,2.0,83.31485611805876,0.10002217265832951,27.00044345316659,1.0
104,80.40540579938698,0.10351351304073562,33.28108104325885,2.0,83.17565186090836,0.10018921776690996,27.003784355338198,1.0
105,80.2059074213717,0.10375291109435394,33.30023288754832,2.0,83.03641553109712,0.10035630136268346,27.00712602725367,1.0
106,80.00622518565125,0.10399252977721851,33.31940238217748,2.0,82.89714712123549,0.10052342345451741,27.01046846909035,1.0
107,79.80635892278234,0.10423236929266119,33.338589543412894,2.0,82.75784662393222,0.10069058405128133,27.013811681025626,1.0
108,79.60630846316558,0.10447242984420131,33.3577943875361,2.0,82.61851403179438,0.10085778316184675,27.017155663236935,1.0
109,79.40607363704522,0.10471271163554573,33.37701693084366,2.0,82.4791493374273,0.10102502079508724,27.020500415901743,1.0
110,79.20565427450913,0.10495321487058905,33.39625718964712,2.0,82.33975253343465,0.10119229695987843,27.023845939197567,1.0
111,79.00505020548852,0.10519393975341379,33.415515180273104,2.0,82.20032361241836,0.10135961166509798,27.02719223330196,1.0
112,78.8042612597579,0.10543488648829052,33.434790919063246,2.0,82.06086256697866,0.10152696491962562,27.03053929839251,1.0
113,78.60328726693488,0.10567605527967815,33.45408442237425,2.0,81.92136938971409,0.10169435673234309,27.03388713464686,1.0
114,78.4021280564801,0.10591744633222389,33.47339570657791,2.0,81.78184407322148,0.10186178711213423,27.037235742242686,1.0
115,78.20078345769694,0.10615905985076367,33.492724788061096,2.0,81.64228661009595,0.10202925606788486,27.040585121357697,1.0
116,77.99925329973156,0.10640089604032213,33.51207168322577,2.0,81.50269699293092,0.1021967636084829,27.04393527216966,1.0
117,77.79753741157259,0.1066429551061129,33.53143640848903,2.0,81.36307521431809,0.1023643097428183,27.047286194856365,1.0
118,77.59563562205109,0.1068852372535387,33.5508189802831,2.0,81.22342126684747,0.10253189447978305,27.05063788959566,1.0
119,77.39354775984037,0.10712774268819156,33.57021941505533,2.0,81.08373514310735,0.10269951782827118,27.053990356565425,1.0
120,77.19127365345584,0.10737047161585299,33.58963772926824,2.0,80.94401683568432,0.10286717979717881,27.057343595943575,1.0
121,76.98881313125486,0.10761342424249418,33.609073939399536,2.0,80.80426633716327,0.10303488039540408,27.060697607908082,1.0
122,76.78616602143663,0.10785660077427604,33.628528061942085,2.0,80.66448364012736,0.10320261963184717,27.064052392636942,1.0
123,76.58333215204199,0.10810000141754962,33.64800011340397,2.0,80.52466873715804,0.10337039751541034,27.06740795030821,1.0
124,76.3803113509533,0.10834362637885603,33.66749011030848,2.0,80.38482162083508,0.1035382140549979,27.070764281099958,1.0
125,76.17710344589435,0.1085874758649268,33.686998069194146,2.0,80.24494228373652,0.10370606925951618,27.074121385190324,1.0
126,75.97370826443009,0.10883155008268389,33.706524006614714,2.0,80.1050307184387,0.10387396313787356,27.07747926275747,1.0
127,75.77012563396659,0.10907584923924009,33.726067939139206,2.0,79.96508691751623,0.10404189569898051,27.08083791397961,1.0
128,75.56635538175085,0.10932037354189898,33.74562988335192,2.0,79.82511087354203,0.10420986695174957,27.08419733903499,1.0
129,75.36239733487068,0.10956512319815519,33.76520985585242,2.0,79.6851025790873,0.10437787690509524,27.087557538101905,1.0
130,75.1582513202545,0.1098100984156946,33.784807873255566,2.0,79.54506202672152,0.10454592556793417,27.090918511358684,1.0
131,74.95391716467124,0.11005529940239452,33.80442395219156,2.0,79.40498920901248,0.10471401294918503,27.0942802589837,1.0
132,74.7493946947302,0.11030072636632376,33.8240581093059,2.0,79.26488411852624,0.10488213905776851,27.097642781155372,1.0
133,74.54468373688086,0.11054637951574296,33.84371036125944,2.0,79.12474674782715,0.10505030390260743,27.101006078052148,1.0
134,74.33978411741276,0.1107922590591047,33.86338072472837,2.0,78.98457708947785,0.10521850749262658,27.10437014985253,1.0
135,74.13469566245537,0.11103836520505356,33.88306921640428,2.0,78.84437513603928,0.10538674983675288,27.107734996735058,1.0
136,73.9294181979779,0.11128469816242653,33.902775852994125,2.0,78.70414088007063,0.10555503094391526,27.111100618878304,1.0
137,73.72395154978915,0.11153125814025301,33.92250065122024,2.0,78.5638743141294,0.10572335082304474,27.114467016460896,1.0
138,73.51829554353743,0.11177804534775508,33.9422436278204,2.0,78.42357543077136,0.10589170948307437,27.117834189661487,1.0
139,73.31245000471036,0.11202505999434757,33.962004799547806,2.0,78.28324422255062,0.10606010693293925,27.121202138658784,1.0
140,73.1064147586347,0.11227230228963837,33.98178418317107,2.0,78.1428806820195,0.10622854318157661,27.124570863631533,1.0
141,72.90018963047626,0.11251977244342848,34.00158179547428,2.0,78.00248480172863,0.10639701823792563,27.127940364758512,1.0
142,72.69377444523971,0.11276747066571234,34.02139765325698,2.0,77.86205657422694,0.10656553211092767,27.131310642218555,1.0
143,72.48716902776845,0.11301539716667787,34.04123177333423,2.0,77.72159599206164,0.10673408480952602,27.13468169619052,1.0
144,72.28037320274444,0.11326355215670666,34.06108417253653,2.0,77.58110304777821,0.10690267634266615,27.138053526853323,1.0
145,72.07338679468809,0.11351193584637428,34.08095486770994,2.0,77.44057773392042,0.1070713067192955,27.14142613438591,1.0
146,71.86620962795807,0.11376054844645031,34.10084387571602,2.0,77.30002004303032,0.10723997594836363,27.14479951896727,1.0
147,71.6588415267512,0.11400939016789856,34.12075121343189,2.0,77.15942996764824,0.10740868403882212,27.14817368077644,1.0
148,71.45128231510226,0.11425846122187729,34.14067689775018,2.0,77.01880750031279,0.10757743099962465,27.151548619992493,1.0
149,71.24353181688386,0.11450776181973936,34.16062094557915,2.0,76.87815263356086,0.10774621683972697,27.15492433679454,1.0
150,71.0355898558063,0.11475729217303245,34.180583373842595,2.0,76.73746535992763,0.10791504156808684,27.158300831361736,1.0
151,70.8274562554174,0.11500705249349912,34.20056419947993,2.0,76.59674567194655,0.10808390519366415,27.16167810387328,1.0
152,70.6191308391024,0.11525704299307712,34.22056343944617,2.0,76.45599356214937,0.10825280772542076,27.165056154508417,1.0
153,70.41061343008371,0.11550726388389954,34.240581110711965,2.0,76.31520902306609,0.1084217491723207,27.168434983446414,1.0
154,70.20190385142088,0.11575771537829495,34.2606172302636,2.0,76.174392047225,0.10859072954333,27.1718145908666,1.0
155,69.99300192601035,0.11600839768878757,34.280671815103005,2.0,76.03354262715268,0.10875974884741679,27.175194976948337,1.0
156,69.78390747658536,0.11625931102809757,34.300744882247805,2.0,75.89266075537398,0.10892880709355122,27.178576141871023,1.0
157,69.57462032571577,0.11651045560914108,34.320836448731285,2.0,75.75174642441202,0.10909790429070558,27.181958085814113,1.0
158,69.36514029580795,0.11676183164503046,34.34094653160244,2.0,75.61079962678821,0.10926704044785415,27.185340808957083,1.0
159,69.15546720910456,0.11701343934907453,34.36107514792596,2.0,75.46982035502222,0.10943621557397334,27.18872431147947,1.0
160,68.94560088768446,0.11726527893477866,34.38122231478229,2.0,75.32880860163202,0.10960542967804157,27.19210859356083,1.0
161,68.73554115346255,0.11751735061584494,34.401388049267595,2.0,75.18776435913384,0.1097746827690394,27.195493655380787,1.0
162,68.52528782818958,0.11776965460617252,34.4215723684938,2.0,75.04668762004218,0.10994397485594938,27.198879497118988,1.0
163,68.31484073345203,0.11802219111985757,34.441775289588605,2.0,74.90557837686984,0.11011330594775619,27.202266118955123,1.0
164,68.10419969067198,0.11827496037119364,34.461996829695494,2.0,74.76443662212787,0.11028267605344656,27.205653521068932,1.0
165,67.8933645211069,0.11852796257467171,34.48223700597374,2.0,74.62326234832561,0.11045208518200926,27.209041703640185,1.0
166,67.68233504584956,0.11878119794498053,34.50249583559844,2.0,74.48205554797066,0.1106215333424352,27.212430666848704,1.0
167,67.47111108582781,0.11903466669700663,34.52277333576053,2.0,74.34081621356891,0.11079102054371731,27.215820410874347,1.0
168,67.25969246180452,0.11928836904583458,34.543069523666766,2.0,74.19954433762452,0.11096054679485057,27.21921093589701,1.0
169,67.04807899437732,0.11954230520674722,34.563384416539776,2.0,74.0582399126399,0.11113011210483212,27.22260224209664,1.0
170,66.83627050397854,0.11979647539522574,34.58371803161806,2.0,73.91690293111577,0.11129971648266107,27.225994329653222,1.0
171,66.624266810875,0.12005087982695,34.604070386155996,2.0,73.7755333855511,0.11146935993733868,27.229387198746775,1.0
172,66.4120677351679,0.12030551871779853,34.62444149742388,2.0,73.63413126844313,0.11163904247786825,27.232780849557365,1.0
173,66.19967309679262,0.12056039228384886,34.644831382707906,2.0,73.49269657228737,0.11180876411325516,27.2361752822651,1.0
174,65.98708271551862,0.12081550074137766,34.665240059310214,2.0,73.35122928957763,0.11197852485250685,27.23957049705014,1.0
175,65.77429641094925,0.1210708443068609,34.68566754454887,2.0,73.20972941280596,0.11214832470463286,27.242966494092656,1.0
176,65.56131400252158,0.1213264231969741,34.70611385575793,2.0,73.06819693446266,0.1123181636786448,27.246363273572896,1.0
177,65.3481353095063,0.12158223762859244,34.726579010287395,2.0,72.92663184703636,0.11248804178355636,27.249760835671125,1.0
178,65.13476015100754,0.12183828781879096,34.74706302550328,2.0,72.78503414301392,0.1126579590283833,27.253159180567664,1.0
179,64.9211883459627,0.12209457398484475,34.76756591878758,2.0,72.64340381488047,0.11282791542214345,27.25655830844287,1.0
180,64.70741971314234,0.1223510963442292,34.78808770753834,2.0,72.50174085511942,0.11299791097385668,27.259958219477134,1.0
181,64.49345407114997,0.12260785511462004,34.8086284091696,2.0,72.36004525621244,0.11316794569254507,27.2633589138509,1.0
182,64.27929123842195,0.12286485051389366,34.82918804111149,2.0,72.21831701063948,0.11333801958723262,27.266760391744654,1.0
183,64.06493103322728,0.12312208276012726,34.84976662081018,2.0,72.07655611087873,0.11350813266694554,27.27016265333891,1.0
184,63.85037327366751,0.123379552071599,34.87036416572792,2.0,71.93476254940667,0.113678284940712,27.273565698814238,1.0
185,63.63561777767652,0.12363725866678817,34.89098069334305,2.0,71.79293631869805,0.11384847641756234,27.276969528351245,1.0
186,63.42066436302043,0.12389520276437548,34.91161622115004,2.0,71.65107741122588,0.11401870710652894,27.28037414213058,1.0
187,63.205512847297385,0.12415338458324314,34.93227076665945,2.0,71.50918581946144,0.11418897701664628,27.283779540332926,1.0
188,62.99016304793746,0.12441180434247505,34.952944347398,2.0,71.36726153587423,0.11435928615695092,27.287185723139018,1.0
189,62.774614782202434,0.12467046226135707,34.973636980908566,2.0,71.2253045529321,0.11452963453648148,27.29059269072963,1.0
190,62.55886786718571,0.12492935855937715,34.99434868475017,2.0,71.0833148631011,0.11470002216427869,27.294000443285572,1.0
191,62.34292211981211,0.12518849345622546,35.01507947649804,2.0,70.94129245884555,0.11487044904938534,27.297408980987708,1.0
192,62.12677735683773,0.12544786717179474,35.03582937374358,2.0,70.79923733262807,0.11504091520084632,27.300818304016925,1.0
193,61.91043339484979,0.12570747992618025,35.05659839409442,2.0,70.65714947690951,0.11521142062770859,27.30422841255417,1.0
194,61.69389005026648,0.1259673319396802,35.077386555174414,2.0,70.51502888414899,0.11538196533902122,27.307639306780423,1.0
195,61.47714713933681,0.12622742343279583,35.09819387462367,2.0,70.3728755468039,0.11555254934383533,27.311050986876708,1.0
196,61.26020447814042,0.1264877546262315,35.11902037009852,2.0,70.23068945732987,0.11572317265120415,27.314463453024082,1.0
197,61.04306188258748,0.12674832574089503,35.139866059271604,2.0,70.08847060818084,0.11589383527018299,27.31787670540366,1.0
198,60.82571916841847,0.12700913699789784,35.160730959831824,2.0,69.94621899180896,0.11606453720982925,27.321290744196585,1.0
199,60.60817615120409,0.1272701886185551,35.18161508948441,2.0,69.80393460066468,0.11623527847920238,27.324705569584047,1.0
200,60.39043264634504,0.12753148082438595,35.202518465950874,2.0,69.66161742719667,0.116406059087364,27.328121181747278,1.0
201,60.172488469071915,0.1277930138371137,35.2234411069691,2.0,69.5192674638519,0.11657687904337773,27.331537580867554,1.0
202,59.954343434445015,0.12805478787866598,35.24438303029328,2.0,69.37688470307558,0.1167477383563093,27.334954767126185,1.0
203,59.7359973573542,0.12831680317117494,35.265344253693996,2.0,69.23446913731117,0.1169186370352266,27.338372740704532,1.0
204,59.51745005251874,0.12857905993697752,35.286324794958205,2.0,69.0920207590004,0.11708957508919951,27.34179150178399,1.0
205,59.29870133448714,0.1288415583986154,35.30732467188923,2.0,68.94953956058328,0.11726055252730007,27.345211050546002,1.0
206,59.07975101763701,0.12910429877883559,35.32834390230685,2.0,68.80702553449804,0.11743156935860234,27.34863138717205,1.0
207,58.860598916174865,0.12936728130059016,35.34938250404721,2.0,68.6644786731812,0.11760262559218257,27.352052511843652,1.0
208,58.64124484413601,0.1296305061870368,35.37044049496295,2.0,68.5218989690675,0.11777372123711902,27.35547442474238,1.0
209,58.42168861538437,0.12989397366153876,35.391517892923105,2.0,68.37928641458997,0.11794485630249205,27.35889712604984,1.0
210,58.20193004361231,0.13015768394766522,35.41261471581322,2.0,68.2366410021799,0.11811603079738413,27.36232061594768,1.0
211,57.9819689423405,0.1304216372691914,35.43373098153531,2.0,68.0939627242668,0.11828724473087984,27.365744894617595,1.0
212,57.761805124917764,0.1306858338500987,35.4548667080079,2.0,67.95125157327847,0.11845849811206584,27.369169962241315,1.0
213,57.54143840452089,0.13095027391457492,35.476021913165994,2.0,67.80850754164095,0.11862979095003086,27.372595819000615,1.0
214,57.3208685941545,0.1312149576870146,35.49719661496117,2.0,67.66573062177855,0.11880112325386573,27.376022465077316,1.0
215,57.10009550665087,0.13147988539201896,35.518390831361515,2.0,67.5229208061138,0.11897249503266345,27.37944990065327,1.0
216,56.8791189546698,0.13174505725439623,35.5396045803517,2.0,67.38007808706753,0.11914390629551896,27.38287812591038,1.0
217,56.65793875069842,0.1320104734991619,35.56083787993295,2.0,67.23720245705879,0.11931535705152946,27.38630714103059,1.0
218,56.436554707051066,0.13227613435153873,35.5820907481231,2.0,67.0942939085049,0.11948684730979413,27.38973694619588,1.0
219,56.21496663586908,0.1325420400369571,35.60336320295657,2.0,66.95135243382141,0.1196583770794143,27.393167541588287,1.0
220,55.9931743491207,0.13280819078105516,35.62465526248441,2.0,66.80837802542216,0.11982994636949341,27.396598927389867,1.0
221,55.77117765860085,0.13307458680967899,35.645966944774315,2.0,66.66537067571922,0.12000155518913694,27.400031103782737,1.0
222,55.54897637593101,0.1333412283488828,35.667298267910624,2.0,66.5223303771229,0.12017320354745252,27.40346407094905,1.0
223,55.32657031255907,0.1336081156249291,35.68864924999433,2.0,66.37925712204179,0.12034489145354986,27.406897829070996,1.0
224,55.103959279759124,0.13387524886428906,35.71001990914313,2.0,66.23615090288271,0.12051661891654075,27.410332378330814,1.0
225,54.88114308863135,0.1341426282936424,35.73141026349139,2.0,66.09301171205074,0.12068838594553911,27.413767718910783,1.0
226,54.65812155010183,0.1344102541398778,35.75282033119022,2.0,65.94983954194919,0.12086019254966097,27.417203850993218,1.0
227,54.43489447492241,0.13467812663009313,35.77425013040745,2.0,65.80663438497966,0.12103203873802441,27.42064077476049,1.0
228,54.2114616736705,0.1349462459915954,35.79569967932763,2.0,65.66339623354196,0.12120392451974965,27.424078490394994,1.0
229,53.98782295674896,0.13521461245190125,35.8171689961521,2.0,65.52012508003416,0.12137584990395901,27.42751699807918,1.0
230,53.763978134385894,0.13548322623873693,35.83865809909895,2.0,65.37682091685261,0.12154781489977687,27.430956297995536,1.0
231,53.53992701663454,0.13575208758003854,35.86016700640308,2.0,65.23348373639185,0.12171981951632979,27.434396390326597,1.0
232,53.31566941337307,0.13602119670395232,35.88169573631619,2.0,65.09011353104471,0.12189186376274634,27.437837275254928,1.0
233,53.09120513430444,0.13629055383883468,35.903244307106775,2.0,64.94671029320226,0.12206394764815728,27.441278952963145,1.0
234,52.86653398895621,0.13656015921325254,35.92481273706021,2.0,64.8032740152538,0.12223607118169544,27.444721423633908,1.0
235,52.64165578668044,0.13683001305598347,35.94640104447868,2.0,64.65980468958692,0.1224082343724957,27.448164687449914,1.0
236,52.41657033665344,0.13710011559601587,35.968009247681266,2.0,64.5163023085874,0.12258043722969511,27.4516087445939,1.0
237,52.191277447875706,0.13737046706254916,35.98963736500393,2.0,64.3727668646393,0.12275267976243286,27.455053595248657,1.0
238,51.96577692917167,0.13764106768499398,36.01128541479952,2.0,64.22919835012492,0.1229249619798501,27.458499239597003,1.0
239,51.74006858918959,0.1379119176929725,36.0329534154378,2.0,64.08559675742478,0.12309728389109026,27.461945677821806,1.0
240,51.51415223640139,0.13818301731631835,36.054641385305466,2.0,63.94196207891769,0.12326964550529876,27.465392910105976,1.0
241,51.288027679102456,0.13845436678507705,36.07634934280617,2.0,63.79829430698067,0.1234420468316232,27.468840936632464,1.0
242,51.06169472541151,0.13872596632950618,36.098077306360494,2.0,63.654593433989,0.12361448787921318,27.472289757584264,1.0
243,50.83515318327045,0.13899781618007545,36.119825294406034,2.0,63.51085945231619,0.12378696865722058,27.47573937314441,1.0
244,50.60840286044415,0.139269916567467,36.14159332539736,2.0,63.367092354334005,0.12395948917479921,27.479189783495983,1.0
245,50.38144356452034,0.1395422677225756,36.16338141780605,2.0,63.223292132412446,0.12413204944110508,27.4826409888221,1.0
246,50.1542751029094,0.1398148698765087,36.1851895901207,2.0,63.07945877891975,0.12430464946529629,27.486092989305927,1.0
247,49.926897282844244,0.1400877232605869,36.20701786084695,2.0,62.935592286222416,0.1244772892565331,27.489545785130662,1.0
248,49.69930991138011,0.14036082810634387,36.22886624850751,2.0,62.79169264668516,0.12464996882397782,27.492999376479556,1.0
249,49.47151279539444,0.14063418464552668,36.250734771642136,2.0,62.64775985267096,0.12482268817679484,27.496453763535897,1.0
250,49.243505741586674,0.140907793110096,36.27262344880768,2.0,62.50379389654101,0.12499544732415079,27.499908946483014,1.0
