battery_id,condition,cycle,date,capacity,soh,rul,ri,peak_temp,voltage_drop,duration,mean_rw_temp,max_rw_temp
RW10,Uniform RT,1,06-Jan-2014 14:03:52,2.0950402777777777,100.0,14,0.08275862068965568,26.36092,0.9159999999999995,7542.91,25.0,25.0
RW10,Uniform RT,2,06-Jan-2014 19:04:32,2.0924489222222222,99.87630998873664,13,0.08308605341246343,26.39203,0.9159999999999995,7533.88,25.0,25.0
RW10,Uniform RT,3,11-Jan-2014 13:20:39,2.051825,97.9372579020955,12,0.08678500986193302,26.31426,0.9119999999999999,7387.07,28.52964514046587,36.36126
RW10,Uniform RT,4,11-Jan-2014 18:41:56,2.045415277777778,97.63131045611031,11,0.08785784797630841,25.48992,0.9109999999999996,7363.89,28.52964514046587,36.36126
RW10,Uniform RT,5,16-Jan-2014 04:38:01,1.97845,94.43493860168427,10,0.09270216962524686,25.72323,0.9059999999999997,7123.11,28.607965848230954,37.26995
RW10,Uniform RT,6,16-Jan-2014 10:13:47,1.9803902708333336,94.52755118073176,9,0.09288537549407144,26.4698,0.9059999999999997,7130.05,28.607965848230954,37.26995
RW10,Uniform RT,7,20-Jan-2014 21:31:14,1.912779166666667,91.30035288369557,8,0.09297725024728024,25.97208,0.9059999999999997,6886.63,28.3092057632976,36.33046
RW10,Uniform RT,8,21-Jan-2014 03:08:12,1.9049627027777778,90.9272591550547,7,0.09467455621301783,25.42771,0.9039999999999999,6858.54,28.3092057632976,36.33046
RW10,Uniform RT,9,25-Jan-2014 07:31:24,1.866752777777778,89.1034314508671,6,0.09566074950690377,26.0343,0.9029999999999996,6720.85,28.7633083191039,37.59338
RW10,Uniform RT,10,25-Jan-2014 13:08:21,1.866284616666667,89.08108528807125,5,0.09467455621301783,26.96751,0.9039999999999999,6719.24,28.7633083191039,37.59338
RW10,Uniform RT,11,29-Jan-2014 17:13:52,1.7579541666666667,83.91028016565579,4,0.09772951628825292,33.49659,0.9009999999999998,6329.38,28.067181135497975,35.14455
RW10,Uniform RT,12,29-Jan-2014 23:02:07,1.7479462833333335,83.43258608791001,3,0.10029498525073778,32.81892,0.8979999999999997,6293.24,28.067181135497975,35.14455
RW10,Uniform RT,13,02-Feb-2014 23:17:57,1.707936216666667,81.52283441912084,2,0.10276679841897242,32.35688,0.8959999999999999,6149.24,34.303600251835874,41.55933
RW10,Uniform RT,14,03-Feb-2014 04:59:10,1.7109319444444446,81.66582583601881,1,0.10187932739861501,33.45039,0.8970000000000002,6159.97,34.303600251835874,41.55933
RW10,Uniform RT,15,07-Feb-2014 02:05:54,1.656443590277778,79.06499974476759,0,0.09970384995064165,34.54389,0.899,5963.85,34.52733021116212,42.37164
RW10,Uniform RT,16,07-Feb-2014 07:40:49,1.6493180555555556,78.72488529456805,0,0.10089020771513385,33.88163,0.8979999999999997,5938.03,34.52733021116212,42.37164
RW10,Uniform RT,17,11-Feb-2014 02:50:38,1.5985944444444447,76.30375708767203,0,0.10531496062992146,33.09615,0.8929999999999998,5755.6,35.13319621578672,42.58621
RW10,Uniform RT,18,11-Feb-2014 08:36:36,1.6038194444444445,76.55315563410674,0,0.10453648915187363,33.06535,0.8940000000000001,5774.34,35.13319621578672,42.58621
RW10,Uniform RT,19,15-Feb-2014 01:40:01,1.5302458333333333,73.04135627198895,0,0.10749506903353055,33.38878,0.891,5509.58,34.20572970683999,41.42139
RW10,Uniform RT,20,15-Feb-2014 07:23:35,1.5268875,72.88105704676853,0,0.10760118460019744,33.17316,0.891,5497.34,34.20572970683999,41.42139
RW10,Uniform RT,21,18-Feb-2014 16:17:35,1.4752597222222221,70.41677135615929,0,0.1066140177690035,34.06644,0.8919999999999995,5310.07,33.98824257903516,40.88496
RW10,Uniform RT,22,18-Feb-2014 21:52:41,1.4874847222222225,71.00029235714776,0,0.10760118460019744,33.09615,0.891,5355.55,33.98824257903516,40.88496
RW10,Uniform RT,23,22-Feb-2014 11:54:14,1.437440277777778,68.61158198363995,0,0.10979228486646862,33.25017,0.8890000000000002,5175.53,34.20407147622698,40.63974
RW10,Uniform RT,24,22-Feb-2014 17:28:57,1.4399271777777778,68.73028614538703,0,0.10858835143139223,33.91243,0.8899999999999997,5184.32,34.20407147622698,40.63974
RW10,Uniform RT,25,26-Feb-2014 00:58:54,1.4056875000000002,67.09596540506713,0,0.110344827586207,33.589,0.8879999999999999,5060.85,34.26528474159295,40.76235
RW10,Uniform RT,26,26-Feb-2014 06:25:16,1.3987649777777778,66.76554110269691,0,0.11231527093596048,33.38878,0.8860000000000001,5036.08,34.26528474159295,40.76235
RW10,Uniform RT,27,06-Mar-2014 21:23:31,1.501915277777778,71.68908844897574,0,0.1056829511465602,34.22046,0.8899999999999997,5407.59,33.982785756191134,41.46737
RW10,Uniform RT,28,07-Mar-2014 05:29:13,1.4781083333333331,70.55274063280406,0,0.10657370517928219,34.45148,0.8890000000000002,5321.69,33.982785756191134,41.46737
RW10,Uniform RT,29,10-Mar-2014 23:10:24,1.3881461263888892,66.25868443261169,0,0.11211211211211221,33.25017,0.8839999999999995,4997.89,34.27945902689026,41.45205
RW10,Uniform RT,30,11-Mar-2014 06:58:44,1.389290277777778,66.31329681410263,0,0.11066799601196388,32.84973,0.8849999999999998,5001.85,34.27945902689026,41.45205
RW10,Uniform RT,31,14-Mar-2014 14:38:00,1.355251388888889,64.6885600846974,0,0.11365902293120628,33.01914,0.8819999999999997,4879.47,34.30911410284387,40.91562
RW10,Uniform RT,32,14-Mar-2014 22:31:35,1.3567000000000002,64.75770487043143,0,0.11377245508982024,33.5736,0.8819999999999997,4884.67,34.30911410284387,40.91562
RW10,Uniform RT,33,18-Mar-2014 09:39:00,1.3205097222222222,63.03027852156118,0,0.11565304087736845,34.11265,0.8789999999999996,4754.33,33.73175911222523,40.19527
RW10,Uniform RT,34,18-Mar-2014 17:29:53,1.321652777777778,63.0848385969774,0,0.11653386454183266,33.83542,0.8789999999999996,4758.33,33.73175911222523,40.19527
RW10,Uniform RT,35,22-Mar-2014 01:44:16,1.3013096750000002,62.11382610649889,0,0.11764705882352887,33.77382,0.8780000000000001,4685.17,33.94249410876583,39.24134
RW10,Uniform RT,36,22-Mar-2014 09:47:18,1.298540277777778,61.98163784970987,0,0.11665004985044866,32.97294,0.8789999999999996,4675.35,33.94249410876583,39.24134
RW10,Uniform RT,37,25-Mar-2014 17:42:30,1.2802388888888891,61.10807999581023,0,0.11752988047808709,33.98944,0.8780000000000001,4609.28,33.63607410131981,38.24024
RW10,Uniform RT,38,26-Mar-2014 01:42:30,1.2793633541666667,61.066289165747946,0,0.11764705882352887,33.41958,0.8780000000000001,4606.15,33.63607410131981,38.24024
RW10,Uniform RT,39,29-Mar-2014 07:02:59,1.2783694444444447,61.01884808632029,0,0.11952191235059771,33.6044,0.8759999999999994,4602.56,33.49771333094647,39.13353
RW10,Uniform RT,40,29-Mar-2014 15:09:55,1.2741666666666667,60.81824202531243,0,0.11976047904191628,32.5879,0.8759999999999994,4587.44,33.49771333094647,39.13353
RW10,Uniform RT,41,01-Apr-2014 19:18:04,1.2669418722222225,60.473389731966186,0,0.11864406779660995,31.97184,0.8769999999999998,4561.4800000000005,33.16401382285855,38.77929
RW10,Uniform RT,42,02-Apr-2014 03:24:08,1.2597458333333333,60.12990999244911,0,0.12039800995024832,32.81892,0.875,4535.5,33.16401382285855,38.77929
RW10,Uniform RT,43,05-Apr-2014 06:46:24,1.253102777777778,59.81282513131212,0,0.12075848303393169,32.74192,0.875,4511.7,33.217992706740446,39.05652
RW10,Uniform RT,44,05-Apr-2014 15:01:05,1.2474680555555555,59.54386981422394,0,0.12263210368893254,32.24907,0.8730000000000002,4491.28,33.217992706740446,39.05652
RW10,Uniform RT,45,08-Apr-2014 22:10:06,1.2308891194444447,58.75252769603344,0,0.1227544910179634,32.83433,0.8730000000000002,4431.66,32.42899004802444,37.08513
RW10,Uniform RT,46,09-Apr-2014 06:26:23,1.234032358333334,58.902560080719766,0,0.1227544910179634,33.28097,0.8730000000000002,4442.9800000000005,32.42899004802444,37.08513
RW10,Uniform RT,47,12-Apr-2014 12:21:05,1.2171694444444445,58.0976631979364,0,0.1235059760956172,32.6033,0.8719999999999999,4382.2300000000005,32.18180153519975,37.19294
RW10,Uniform RT,48,12-Apr-2014 20:35:02,1.2176727750000003,58.12168806088985,0,0.1235059760956172,32.72652,0.8719999999999999,4383.9800000000005,32.18180153519975,37.19294
RW10,Uniform RT,49,15-Apr-2014 22:57:47,1.1931263888888886,56.95004537833732,0,0.12387612387612355,32.51089,0.8719999999999999,4295.57,32.606725466817466,37.67039
RW10,Uniform RT,50,16-Apr-2014 07:09:25,1.1916541666666667,56.87977359226056,0,0.12263210368893343,33.28097,0.8719999999999999,4290.27,32.606725466817466,37.67039
RW10,Uniform RT,51,19-Apr-2014 07:41:37,1.1649416666666668,55.60473843979399,0,0.1267465069860277,32.21827,0.8689999999999998,4194.24,31.952091324533534,35.88382
RW10,Uniform RT,52,19-Apr-2014 16:06:37,1.1624486111111112,55.48574046242813,0,0.12537313432835767,32.21827,0.8700000000000001,4185.27,31.952091324533534,35.88382
RW10,Uniform RT,53,22-Apr-2014 18:31:24,1.1490962375000002,54.84840791313348,0,0.12462612163509473,33.20396,0.8709999999999996,4137.09,32.13730172848342,37.96301
RW10,Uniform RT,54,23-Apr-2014 03:05:58,1.1431569444444447,54.56491488827119,0,0.12687312687312755,32.84973,0.8679999999999994,4115.77,32.13730172848342,37.96301
RW10,Uniform RT,55,26-Apr-2014 02:11:14,1.1524236111111112,55.00722937572801,0,0.123383084577115,35.699,0.8709999999999996,4149.17,33.96176570601878,39.37995
RW10,Uniform RT,56,26-Apr-2014 10:44:06,1.1559585958333334,55.17596048604211,0,0.1235059760956172,35.45258,0.8719999999999999,4161.89,33.96176570601878,39.37995
RW10,Uniform RT,57,29-Apr-2014 13:13:00,1.1604458333333334,55.3901443157086,0,0.11964107676969105,38.04002,0.875,4178.07,34.461984058855386,40.31789
RW10,Uniform RT,58,29-Apr-2014 21:04:35,1.1230125,53.603384713499935,0,0.12462612163509473,34.83652,0.8700000000000001,4043.21,34.461984058855386,40.31789
RW10,Uniform RT,59,02-May-2014 20:10:33,1.1498736291666667,54.88551420053579,0,0.11964107676969105,37.63958,0.875,4139.87,36.524747018051464,42.90807
RW10,Uniform RT,60,03-May-2014 04:32:49,1.136679166666667,54.25571902953339,0,0.1211519364448857,37.20834,0.8730000000000002,4092.54,36.524747018051464,42.90807
RW10,Uniform RT,61,06-May-2014 08:02:49,1.1168388888888892,53.308707270942165,0,0.1235059760956172,37.02353,0.8719999999999999,4020.84,37.13192236724431,42.29501
RW10,Uniform RT,62,06-May-2014 16:24:13,1.1216011625,53.53601906354227,0,0.12051792828685302,38.97951,0.8739999999999997,4038.37,37.13192236724431,42.29501
RW10,Uniform RT,63,11-May-2014 22:25:43,1.1628023388888888,55.50262451862169,0,0.12051792828685215,38.28645,0.875,4186.58,37.318529127950306,42.0038
RW10,Uniform RT,64,12-May-2014 07:21:21,1.1361013166666667,54.228137220909964,0,0.12250996015936189,37.73199,0.8730000000000002,4090.52,37.318529127950306,42.0038
RW10,Uniform RT,65,15-May-2014 08:23:30,1.0937361111111112,52.205970582639296,0,0.12075848303393258,40.39452,0.8739999999999997,3937.81,39.54029867021277,45.63619
RW10,Uniform RT,66,15-May-2014 12:18:43,0.8168166666666667,38.98811279814961,0,0.11952191235059727,38.62528,0.7429999999999999,2940.8,39.54029867021277,45.63619
RW10,Uniform RT,67,18-May-2014 07:58:16,1.0470763680555555,49.97881802855819,0,0.12263210368893343,40.2719,0.8719999999999999,3769.85,38.16105920942527,44.1955
RW10,Uniform RT,68,18-May-2014 16:26:39,1.0534305555555556,50.28211470344313,0,0.12175648702594799,41.55933,0.8730000000000002,3792.69,38.16105920942527,44.1955
RW10,Uniform RT,69,21-May-2014 13:06:18,0.9664236972222223,46.129122550680215,0,0.12761714855433712,38.42506,0.867,3479.38,40.12335533832658,45.08443
RW10,Uniform RT,70,21-May-2014 21:09:50,0.9476694444444446,45.23394869761852,0,0.1304780876494026,37.00813,0.8629999999999995,3412.04,40.12335533832658,45.08443
RW10,Uniform RT,71,24-May-2014 14:05:29,0.9389805555555557,44.819212571489956,0,0.13073852295409205,38.67148,0.8639999999999999,3380.65,36.13970229347553,40.11864
RW10,Uniform RT,72,24-May-2014 22:42:53,0.9271211,44.253139657219535,0,0.13134328358209013,37.11593,0.8629999999999995,3338.08,36.13970229347553,40.11864
RW10,Uniform RT,73,27-May-2014 15:59:45,0.881451388888889,42.073243089333346,0,0.1335992023928219,37.56258,0.8599999999999994,3173.5,36.719240054908994,40.93095
RW10,Uniform RT,74,28-May-2014 00:25:54,0.8819194444444447,42.09558421377474,0,0.13346613545816766,37.76279,0.8599999999999994,3175.2400000000002,36.719240054908994,40.93095
RW10,Uniform RT,75,30-May-2014 13:21:53,0.85215,40.67463566399214,0,0.13545816733067742,37.06973,0.8579999999999997,3067.95,36.05403120048948,39.74958
RW10,Uniform RT,76,30-May-2014 22:06:35,0.8553180555555556,40.82585259233282,0,0.135864135864136,36.63849,0.859,3079.36,36.05403120048948,39.74958
RW10,Uniform RT,77,02-Jun-2014 14:11:20,0.8420416666666668,40.192146929023515,0,0.13473053892215547,38.22484,0.859,3031.73,36.811909090670405,41.34476
RW11,Uniform RT,1,06-Jan-2014 15:21:33,2.0939875625,100.0,13,0.08193484698914136,23.95332,0.9169999999999998,7539.55,25.0,25.0
RW11,Uniform RT,2,06-Jan-2014 20:17:56,2.090887208333333,99.85194018234924,12,0.08185404339250513,23.67316,0.9169999999999998,7527.9,25.0,25.0
RW11,Uniform RT,3,11-Jan-2014 16:46:04,2.0554013486111113,98.15728543092105,11,0.0849802371541505,23.31518,0.9139999999999997,7400.29,26.769716757701897,38.71558
RW11,Uniform RT,4,11-Jan-2014 21:54:51,2.0510111111111113,97.94762623434212,10,0.0871287128712872,22.92607,0.9119999999999999,7384.45,26.769716757701897,38.71558
RW11,Uniform RT,5,16-Jan-2014 11:43:30,2.020101388888889,96.47150847816408,9,0.08785784797630841,24.71597,0.9109999999999996,7273.31,27.17547309318863,34.64679
RW11,Uniform RT,6,16-Jan-2014 16:54:26,2.018360126388889,96.38835313707308,8,0.08596837944664006,24.66927,0.9130000000000003,7267.09,27.17547309318863,34.64679
RW11,Uniform RT,7,21-Jan-2014 07:31:10,1.9531111111111112,93.27233580983177,7,0.09055118110236272,23.15954,0.9079999999999995,7032.13,26.81920756811248,35.97223
RW11,Uniform RT,8,21-Jan-2014 12:50:55,1.9603169486111114,93.61645616799652,6,0.08974358974358994,24.62258,0.9089999999999998,7057.97,26.81920756811248,35.97223
RW11,Uniform RT,9,25-Jan-2014 17:43:45,1.9033434444444446,90.89564229178389,5,0.09180651530108587,24.15565,0.907,6852.8,27.01642072444541,35.77187
RW11,Uniform RT,10,25-Jan-2014 23:13:50,1.8929416666666667,90.39889732710228,4,0.091897233201581,23.85993,0.907,6815.35,27.01642072444541,35.77187
RW11,Uniform RT,11,30-Jan-2014 07:15:55,1.7676819444444447,84.41702214954988,3,0.09674234945705812,23.31518,0.9020000000000001,6364.34,26.189554943886726,34.23066
RW11,Uniform RT,12,30-Jan-2014 12:56:58,1.7714888888888891,84.59882573389874,2,0.09584980237154192,24.45137,0.9029999999999996,6378.32,26.189554943886726,34.23066
RW11,Uniform RT,13,03-Feb-2014 11:15:46,1.6879097222222224,80.60743781147565,1,0.09970384995064165,23.93775,0.899,6077.07,25.405220253873793,33.16723
RW11,Uniform RT,14,03-Feb-2014 15:38:06,1.6687670000000001,79.69326226597394,0,0.10069101678183558,24.40468,0.899,6007.6,25.405220253873793,33.16723
RW11,Uniform RT,15,07-Feb-2014 10:09:32,1.5681741500000004,74.88937270132426,0,0.09999999999999998,24.29573,0.899,5646.12,25.90041701417819,32.47368
RW11,Uniform RT,16,07-Feb-2014 15:54:47,1.5639222222222224,74.68631859279357,0,0.10059171597633167,24.49807,0.8979999999999997,5630.66,25.90041701417819,32.47368
RW11,Uniform RT,17,11-Feb-2014 13:19:51,1.5087430555555557,72.05119469545825,0,0.10365251727541998,24.29573,0.8949999999999996,5432.09,25.71997311290214,33.09017
RW11,Uniform RT,18,11-Feb-2014 19:00:41,1.5000930555555556,71.63810723711285,0,0.1046396841066139,23.84437,0.8940000000000001,5400.9,25.71997311290214,33.09017
RW11,Uniform RT,19,15-Feb-2014 14:27:12,1.4472583333333333,69.11494410241194,0,0.10629921259842573,24.28017,0.8919999999999995,5210.66,25.31647699241236,32.44286
RW11,Uniform RT,20,15-Feb-2014 20:18:59,1.4448472222222224,68.9997996214088,0,0.10738916256157635,24.35799,0.891,5202.12,25.31647699241236,32.44286
RW11,Uniform RT,21,19-Feb-2014 09:51:28,1.419162536111111,67.7732075168957,0,0.10760118460019744,24.43581,0.891,5109.74,25.08304289712966,30.42388
RW11,Uniform RT,22,19-Feb-2014 15:24:03,1.4104652777777777,67.35786320019164,0,0.10781404549950543,24.35799,0.891,5078.07,25.08304289712966,30.42388
RW11,Uniform RT,23,23-Feb-2014 02:23:50,1.3713458333333335,65.48968379239518,0,0.10957551826258616,24.20234,0.8890000000000002,4937.54,24.920771321545914,31.84179
RW11,Uniform RT,24,23-Feb-2014 08:21:39,1.3700222222222223,65.42647371728228,0,0.10968379446640293,24.2646,0.8890000000000002,4932.46,24.920771321545914,31.84179
RW11,Uniform RT,25,26-Feb-2014 17:58:56,1.3448896722222226,64.22624930095412,0,0.11023622047244104,24.28017,0.8879999999999999,4842.18,24.972012629140007,31.37943
RW11,Uniform RT,26,26-Feb-2014 23:50:41,1.3440236111111112,64.18488988093554,0,0.11100099108027761,24.2646,0.8879999999999999,4839.22,24.972012629140007,31.37943
RW11,Uniform RT,27,06-Mar-2014 23:26:16,1.459188888888889,69.68469703548628,0,0.10578842315369248,24.01557,0.891,5253.63,24.52558543219217,30.84
RW11,Uniform RT,28,07-Mar-2014 08:07:59,1.4324003833333336,68.40539117735727,0,0.10437375745526793,24.24904,0.891,5157.24,24.52558543219217,30.84
RW11,Uniform RT,29,11-Mar-2014 02:16:33,1.334738888888889,63.74149077062098,0,0.11166500498504497,24.10896,0.8849999999999998,4805.54,25.259860318648784,32.11921
RW11,Uniform RT,30,11-Mar-2014 09:52:39,1.3324861111111113,63.63390762074362,0,0.11155378486055786,24.46694,0.8839999999999995,4797.7300000000005,25.259860318648784,32.11921
RW11,Uniform RT,31,14-Mar-2014 17:23:06,1.3048805555555554,62.31558290621677,0,0.11354581673306761,24.23347,0.8819999999999997,4698.12,25.211425797351083,32.04214
RW11,Uniform RT,32,15-Mar-2014 01:33:22,1.305,62.321287068294126,0,0.11354581673306761,24.06227,0.8819999999999997,4698.55,25.211425797351083,32.04214
RW11,Uniform RT,33,18-Mar-2014 09:39:00,1.2738194444444446,60.83223545624305,0,0.11553784860557824,24.43581,0.8789999999999996,4586.3,24.914235722051348,30.68588
RW11,Uniform RT,34,18-Mar-2014 17:26:51,1.2773069444444445,60.99878372340831,0,0.11588411588411555,24.43581,0.8799999999999999,4598.79,24.914235722051348,30.68588
RW11,Uniform RT,35,21-Mar-2014 23:16:48,1.2743263888888892,60.85644498133876,0,0.11588411588411555,24.12452,0.8799999999999999,4588.25,24.793203599651036,32.10379
RW11,Uniform RT,36,22-Mar-2014 07:43:01,1.276602777777778,60.96515569813838,0,0.11676646706586825,24.43581,0.8789999999999996,4596.14,24.793203599651036,32.10379
RW11,Uniform RT,37,25-Mar-2014 14:19:46,1.2842541666666665,61.33055370841852,0,0.11565304087736757,24.87161,0.8799999999999999,4623.91,24.398263298375348,31.37943
RW11,Uniform RT,38,25-Mar-2014 22:33:37,1.2756805555555557,60.921114260704,0,0.11653386454183266,24.12452,0.8789999999999996,4592.97,24.398263298375348,31.37943
RW11,Uniform RT,39,29-Mar-2014 06:41:34,1.2846700833333333,61.35041613139157,0,0.11752988047808709,23.87549,0.8780000000000001,4625.4,24.598080721634943,30.31599
RW11,Uniform RT,40,29-Mar-2014 15:10:33,1.2816327250000001,61.20536472861692,0,0.11764705882352887,23.50195,0.8780000000000001,4614.38,24.598080721634943,30.31599
RW11,Uniform RT,41,02-Apr-2014 01:08:51,1.2852097222222223,61.376187005037295,0,0.11764705882352887,23.48639,0.8780000000000001,4627.24,24.193843152903327,29.89888
RW11,Uniform RT,42,02-Apr-2014 09:42:07,1.2999291666666668,62.07912548987103,0,0.11565304087736757,24.98056,0.8799999999999999,4680.43,24.193843152903327,29.89888
RW11,Uniform RT,43,05-Apr-2014 14:47:09,1.2862387361111112,61.42532836133362,0,0.11864406779660995,23.54864,0.8769999999999998,4631.1,24.025722252401696,29.78993
RW11,Uniform RT,44,05-Apr-2014 23:27:41,1.2881819444444444,61.51812778231076,0,0.11888111888111867,23.67316,0.8769999999999998,4638.0,24.025722252401696,29.78993
RW11,Uniform RT,45,09-Apr-2014 06:09:22,1.286556944444445,61.44052464707248,0,0.11864406779660995,24.2646,0.8769999999999998,4631.9800000000005,23.88538657458827,29.57203
RW11,Uniform RT,46,09-Apr-2014 14:36:58,1.287524838888889,61.4867471968993,0,0.11876247504989998,24.66927,0.8769999999999998,4635.58,23.88538657458827,29.57203
RW11,Uniform RT,47,12-Apr-2014 17:34:15,1.2712620944444446,60.71010722368818,0,0.12051792828685215,23.31518,0.875,4577.08,23.637052478573864,30.0694
RW11,Uniform RT,48,13-Apr-2014 02:20:52,1.275001388888889,60.88868012982235,0,0.11964107676969105,23.50195,0.8759999999999994,4590.67,23.637052478573864,30.0694
RW11,Uniform RT,49,16-Apr-2014 07:39:44,1.2753694444444443,60.90625690831648,0,0.1185258964143424,23.90662,0.8769999999999998,4591.88,23.802775063817013,28.57591
RW11,Uniform RT,50,16-Apr-2014 15:55:41,1.2809249999999999,61.17156677237904,0,0.11952191235059771,24.46694,0.8759999999999994,4611.91,23.802775063817013,28.57591
RW11,Uniform RT,51,19-Apr-2014 17:18:00,1.2606959736111112,60.20551392893534,0,0.12075848303393169,23.6109,0.875,4538.99,23.62843300553308,29.72767
RW11,Uniform RT,52,20-Apr-2014 01:59:57,1.268884527777778,60.596564683644246,0,0.11964107676969105,23.6109,0.8759999999999994,4568.6,23.62843300553308,29.72767
RW11,Uniform RT,53,23-Apr-2014 02:36:36,1.2545513888888888,59.91207452020808,0,0.12163509471585235,23.67316,0.8739999999999997,4516.79,23.663109394431732,28.76268
RW11,Uniform RT,54,23-Apr-2014 11:10:50,1.2687260888888892,60.588998311631045,0,0.12051792828685215,24.52919,0.875,4567.84,23.663109394431732,28.76268
RW11,Uniform RT,55,26-Apr-2014 12:47:44,1.2624222222222223,60.287952270118716,0,0.11876247504989998,26.25683,0.8769999999999998,4545.25,25.474517558944704,30.20811
RW11,Uniform RT,56,26-Apr-2014 21:44:36,1.2700857236111112,60.65392872222999,0,0.11764705882352887,26.4436,0.8780000000000001,4572.79,25.474517558944704,30.20811
RW11,Uniform RT,57,30-Apr-2014 05:14:20,1.2337805555555557,58.92014726594421,0,0.11976047904191628,26.07006,0.8759999999999994,4442.25,26.032661489942686,31.56437
RW11,Uniform RT,58,30-Apr-2014 14:08:11,1.2605946291666665,60.200674146395095,0,0.11653386454183266,28.31132,0.8789999999999996,4538.67,26.032661489942686,31.56437
RW11,Uniform RT,59,03-May-2014 15:21:49,1.2364500000000003,59.04762865562627,0,0.11576846307385195,28.85607,0.8799999999999999,4451.68,27.631662286665343,32.19627
RW11,Uniform RT,60,04-May-2014 00:19:41,1.2319875,58.83451850731801,0,0.11665004985044866,28.00003,0.8789999999999996,4435.71,27.631662286665343,32.19627
RW11,Uniform RT,61,07-May-2014 04:51:25,1.176438888888889,56.18175150402255,0,0.12075848303393169,27.48641,0.875,4235.68,27.47267159550795,33.53712
RW11,Uniform RT,62,07-May-2014 13:36:19,1.1835597222222223,56.521812422284725,0,0.11864406779661084,28.68486,0.8759999999999994,4261.42,27.47267159550795,33.53712
RW11,Uniform RT,63,11-May-2014 23:41:26,1.2309736111111111,58.7860994571266,0,0.11788211788211733,27.82882,0.8780000000000001,4432.01,28.35904694807575,31.90344
RW11,Uniform RT,64,12-May-2014 08:39:11,1.2101027777777777,57.7893966253096,0,0.12027833001988027,28.20237,0.875,4356.7,28.35904694807575,31.90344
RW11,Uniform RT,65,15-May-2014 11:51:48,1.1346875,54.18788154812644,0,0.11864406779661084,29.96113,0.8759999999999994,4085.45,30.405487772762942,36.26506
RW11,Uniform RT,66,15-May-2014 20:22:40,1.1192833333333334,53.45224362254698,0,0.12326043737574607,28.49809,0.8709999999999996,4029.92,30.405487772762942,36.26506
RW11,Uniform RT,67,18-May-2014 16:45:15,1.1010854986111112,52.583191912397574,0,0.12175648702594799,31.54896,0.8730000000000002,3964.41,29.606410858981448,33.56794
RW11,Uniform RT,68,19-May-2014 01:38:47,1.104465277777778,52.74459588762615,0,0.12163509471585235,30.76294,0.8730000000000002,3976.53,29.606410858981448,33.56794
RW11,Uniform RT,69,21-May-2014 23:58:20,1.0123576319444447,48.345923828496694,0,0.1328671328671329,27.3619,0.8620000000000001,3645.05,30.06148400660873,34.58514
RW11,Uniform RT,70,22-May-2014 04:10:12,0.8632638888888889,41.22583650202024,0,0.13346613545816724,27.3152,0.7769999999999997,3108.02,30.06148400660873,34.58514
RW11,Uniform RT,71,24-May-2014 22:40:59,0.987649763888889,47.165980427779594,0,0.1341948310139163,28.10898,0.859,3555.85,26.86687234221804,31.30237
RW11,Uniform RT,72,25-May-2014 07:35:58,0.9962504194444445,47.576711403912384,0,0.134462151394423,27.92221,0.8599999999999994,3586.98,26.86687234221804,31.30237
RW11,Uniform RT,73,27-May-2014 21:46:33,0.6929597222222221,33.09282894664863,0,0.13631840796019903,27.751,0.7049999999999996,2495.06,27.2374815904352,33.15181
RW11,Uniform RT,74,28-May-2014 06:33:39,0.9682188708333335,46.23804306064657,0,0.13745019920318716,27.76657,0.8570000000000002,3485.87,27.2374815904352,33.15181
RW11,Uniform RT,75,30-May-2014 12:07:37,0.8116316486111113,38.76009882513861,0,0.13844621513944247,28.20237,0.7759999999999998,2922.13,26.637820705915704,30.17728
RW11,Uniform RT,76,30-May-2014 21:29:37,0.9552444444444446,45.61843926637193,0,0.13844621513944247,27.62649,0.8559999999999999,3439.32,26.637820705915704,30.17728
RW11,Uniform RT,77,02-Jun-2014 11:17:52,0.9499597222222224,45.36606325818243,0,0.13786213786213777,29.24518,0.8570000000000002,3420.3,27.199897539795476,29.88331
RW12,Uniform RT,1,06-Jan-2014 16:25:10,2.093717522222222,100.0,34,0.10157790927021672,24.91259,0.8970000000000002,7538.08,25.0,25.0
RW12,Uniform RT,2,06-Jan-2014 21:44:30,2.0905291666666668,99.84771796951046,33,0.10935960591132983,24.69498,0.8890000000000002,7526.68,25.0,25.0
RW12,Uniform RT,3,11-Jan-2014 01:04:12,2.071659876388889,98.94648415561227,32,0.12277227722772333,24.25976,0.8759999999999994,7458.89,27.509211147377354,38.70691
RW12,Uniform RT,4,11-Jan-2014 06:40:08,2.068498611111111,98.79549600920642,31,0.11671612265084108,24.46182,0.8819999999999997,7447.4,27.509211147377354,38.70691
RW12,Uniform RT,5,14-Jan-2014 21:38:35,2.0514314000000002,97.98033298315522,30,0.10365251727541998,24.67943,0.8949999999999996,7386.08,27.255905209680975,38.49144
RW12,Uniform RT,6,15-Jan-2014 03:05:09,2.043636111111111,97.60801490270016,29,0.10375494071146286,24.07324,0.8949999999999996,7358.03,27.255905209680975,38.49144
RW12,Uniform RT,7,18-Jan-2014 18:54:57,2.0253552875000005,96.73488739542746,28,0.10770750988142291,24.24422,0.891,7291.93,26.775473762943125,37.86038
RW12,Uniform RT,8,19-Jan-2014 00:23:16,2.020080555555556,96.48295599167027,27,0.10594059405940615,23.76237,0.8929999999999998,7272.9800000000005,26.775473762943125,37.86038
RW12,Uniform RT,9,22-Jan-2014 13:06:54,2.0086594819444445,95.937463417343,26,0.1044334975369457,24.78824,0.8940000000000001,7231.7300000000005,27.024291306447232,36.90611
RW12,Uniform RT,10,22-Jan-2014 18:27:57,2.006272222222222,95.82344327389552,25,0.10256410256410266,24.64835,0.8959999999999999,7223.37,27.024291306447232,36.90611
RW12,Uniform RT,11,26-Jan-2014 05:47:14,1.971897263888889,94.1816287517126,24,0.09960552268244574,23.73128,0.899,7099.7,27.323035390063986,36.90611
RW12,Uniform RT,12,26-Jan-2014 11:14:39,1.971920876388889,94.18275653040047,23,0.09960552268244574,24.13541,0.899,7099.69,27.323035390063986,36.90611
RW12,Uniform RT,13,30-Jan-2014 03:47:16,1.9190721722222224,91.65860016232584,22,0.11956521739130481,23.77791,0.8789999999999996,6909.64,26.7808924694584,36.81376
RW12,Uniform RT,14,30-Jan-2014 09:38:56,1.9217471138888889,91.78636055207639,21,0.1243830207305038,24.53954,0.8739999999999997,6919.22,26.7808924694584,36.81376
RW12,Uniform RT,15,03-Feb-2014 12:22:09,1.8744847222222223,89.52901727797017,20,0.1056268509378087,24.1665,0.8929999999999998,6748.8,26.089284294773552,36.29045
RW12,Uniform RT,16,03-Feb-2014 15:38:06,1.7261944444444448,82.44638668411692,19,0.10778443113772421,24.33748,0.8650000000000002,6214.92,26.089284294773552,36.29045
RW12,Uniform RT,17,07-Feb-2014 11:17:07,1.8370777777777776,87.7423892325239,18,0.10848126232741649,24.66389,0.8899999999999997,6614.11,26.342753348984132,35.90567
RW12,Uniform RT,18,07-Feb-2014 16:59:53,1.8375222222222225,87.76361675914714,17,0.11045364891518747,24.89704,0.8879999999999999,6615.95,26.342753348984132,35.90567
RW12,Uniform RT,19,11-Feb-2014 11:32:07,1.795090277777778,85.73698499081728,16,0.11363636363636384,24.58617,0.8849999999999998,6463.24,26.094642232270367,35.52088
RW12,Uniform RT,20,11-Feb-2014 17:16:29,1.786949111111111,85.34814711845587,15,0.11451135241855928,23.90226,0.8839999999999995,6433.6,26.094642232270367,35.52088
RW12,Uniform RT,21,15-Feb-2014 04:15:15,1.7681083333333334,84.44827511672659,14,0.11561264822134387,24.10432,0.883,6365.96,26.067908010673747,35.72097
RW12,Uniform RT,22,15-Feb-2014 09:57:46,1.7677938347222224,84.43325405453587,13,0.11625615763546832,24.02661,0.8819999999999997,6364.39,26.067908010673747,35.72097
RW12,Uniform RT,23,19-Feb-2014 02:56:07,1.7446430555555557,83.32752804704204,12,0.11154985192497575,24.55509,0.8869999999999996,6281.39,25.753546628460505,33.79704
RW12,Uniform RT,24,19-Feb-2014 08:33:57,1.7433833333333335,83.26736127626938,11,0.11067193675889338,24.61726,0.8879999999999999,6276.95,25.753546628460505,33.79704
RW12,Uniform RT,25,22-Feb-2014 18:24:15,1.7223583333333332,82.26316659495035,10,0.11143984220907341,24.08878,0.8869999999999996,6201.09,25.756740234043445,37.41403
RW12,Uniform RT,26,23-Feb-2014 00:00:04,1.7191291861111113,82.10893627553293,9,0.11133004926108418,23.87117,0.8869999999999996,6189.86,25.756740234043445,37.41403
RW12,Uniform RT,27,26-Feb-2014 14:47:44,1.6995166666666668,81.17220439855897,8,0.11242603550295846,24.57063,0.8860000000000001,6118.88,25.52583942519841,35.38236
RW12,Uniform RT,28,26-Feb-2014 20:20:57,1.694763888888889,80.94520253573208,7,0.11439842209073033,24.33748,0.8839999999999995,6101.77,25.52583942519841,35.38236
RW12,Uniform RT,29,07-Mar-2014 00:46:20,1.7448430555555556,83.33708043402247,6,0.1286141575274182,24.33748,0.8679999999999994,6282.09,26.292965442265473,38.75309
RW12,Uniform RT,30,07-Mar-2014 08:34:56,1.7381861111111112,83.01913188681928,5,0.13373253493014006,24.41519,0.8629999999999995,6258.04,26.292965442265473,38.75309
RW12,Uniform RT,31,10-Mar-2014 15:05:46,1.7153117083333334,81.92660615042004,4,0.111888111888112,24.29085,0.8849999999999998,6175.7,24.993396038330484,32.53494
RW12,Uniform RT,32,10-Mar-2014 22:40:23,1.7105319444444447,81.698315378711,3,0.11964107676969105,24.10432,0.8769999999999998,6158.76,24.993396038330484,32.53494
RW12,Uniform RT,33,14-Mar-2014 03:44:45,1.6877161722222223,80.6085899510895,2,0.10967098703888369,24.04215,0.8869999999999996,6076.44,25.789402606180843,33.62774
RW12,Uniform RT,34,14-Mar-2014 11:13:34,1.686191666666667,80.535776615987,1,0.11177644710578852,24.22867,0.8849999999999998,6071.06,25.789402606180843,33.62774
RW12,Uniform RT,35,18-Mar-2014 00:13:41,1.6647,79.5092930317136,0,0.1087824351297405,24.46182,0.8879999999999999,5993.54,25.27275977589626,35.1361
RW12,Uniform RT,36,18-Mar-2014 07:41:55,1.6628111111111112,79.41907604356498,0,0.11277445109780482,24.2753,0.8839999999999995,5986.78,25.27275977589626,35.1361
RW12,Uniform RT,37,21-Mar-2014 21:00:57,1.631677777777778,77.93208780360943,0,0.10956175298804813,24.21313,0.8869999999999996,5874.71,25.407492933976727,33.73547
RW12,Uniform RT,38,22-Mar-2014 04:32:28,1.626463888888889,77.68306238191094,0,0.11155378486055786,23.88672,0.8849999999999998,5855.84,25.407492933976727,33.73547
RW12,Uniform RT,39,25-Mar-2014 13:10:07,1.6102069444444445,76.9065992596465,0,0.11864406779660995,24.46182,0.8780000000000001,5797.41,24.82945065068444,32.31946
RW12,Uniform RT,40,25-Mar-2014 20:48:09,1.6046017861111113,76.63888605221324,0,0.12238805970149277,24.32193,0.8739999999999997,5777.14,24.82945065068444,32.31946
RW12,Uniform RT,41,29-Mar-2014 02:32:00,1.5832055555555558,75.61696068126606,0,0.12075848303393258,23.62248,0.8759999999999994,5700.2,25.074499040089457,32.45798
RW12,Uniform RT,42,29-Mar-2014 10:17:19,1.5839583333333336,75.65291480448411,0,0.1235059760956172,23.9178,0.8730000000000002,5703.02,25.074499040089457,32.45798
RW12,Uniform RT,43,01-Apr-2014 18:37:54,1.5630524583333332,74.6544097636603,0,0.11553784860557735,23.65356,0.8810000000000002,5627.7,24.397896846405228,32.11937
RW12,Uniform RT,44,02-Apr-2014 02:24:53,1.5590986111111114,74.46556637001926,0,0.12063808574277214,23.38932,0.8759999999999994,5613.27,24.397896846405228,32.11937
RW12,Uniform RT,45,05-Apr-2014 03:02:22,1.5384986111111112,73.48167051103366,0,0.11964107676969105,23.37378,0.8769999999999998,5539.28,24.35523068860049,31.18049
RW12,Uniform RT,46,05-Apr-2014 10:53:30,1.5409041666666667,73.59656449888176,0,0.12163509471585235,23.4515,0.875,5547.87,24.35523068860049,31.18049
RW12,Uniform RT,47,08-Apr-2014 18:26:37,1.5070394638888889,71.97912076932674,0,0.12848605577689287,25.13019,0.8679999999999994,5425.86,23.9105444991413,32.93512
RW12,Uniform RT,48,09-Apr-2014 02:38:23,1.5001458333333333,71.6498676354924,0,0.1502487562189053,24.86596,0.8449999999999998,5401.16,23.9105444991413,32.93512
RW12,Uniform RT,49,12-Apr-2014 05:11:08,1.4762992736111114,70.5109098023979,0,0.14556331006979056,23.48259,0.8499999999999996,5315.2300000000005,24.13553193537722,32.93512
RW12,Uniform RT,50,12-Apr-2014 13:34:45,1.4728037888888892,70.34395868864345,0,0.1639999999999997,23.3427,0.8319999999999999,5302.72,24.13553193537722,32.93512
RW12,Uniform RT,51,15-Apr-2014 18:40:39,1.4646527777777778,69.95465062656734,0,0.12450199203187251,24.53954,0.8719999999999999,5273.28,23.73955287322425,30.48787
RW12,Uniform RT,52,16-Apr-2014 03:06:21,1.4591,69.68943921581867,0,0.13273453093812376,24.35302,0.8639999999999999,5253.4,23.73955287322425,30.48787
RW12,Uniform RT,53,19-Apr-2014 01:58:33,1.4421892347222223,68.88174834547483,0,0.1351888667992049,23.63802,0.8599999999999994,5192.49,23.218567832736056,30.71875
RW12,Uniform RT,54,19-Apr-2014 10:35:14,1.4396536819444445,68.76064543876149,0,0.14656031904287076,23.93335,0.8490000000000002,5183.49,23.218567832736056,30.71875
RW12,Uniform RT,55,22-Apr-2014 16:06:25,1.4215238986111112,67.89473190740361,0,0.1294820717131473,24.64835,0.8659999999999997,5117.93,23.395221568285905,30.33396
RW12,Uniform RT,56,23-Apr-2014 00:43:15,1.4040888888888892,67.06200210803138,0,0.1344621513944221,23.76237,0.8609999999999998,5055.38,23.395221568285905,30.33396
RW12,Uniform RT,57,26-Apr-2014 02:21:40,1.403921497222222,67.05400715814486,0,0.1345962113659021,25.89182,0.8620000000000001,5054.78,25.07039927887208,31.53449
RW12,Uniform RT,58,26-Apr-2014 11:01:39,1.398540277777778,66.7969897053448,0,0.14427860696517372,26.23378,0.851,5035.26,25.07039927887208,31.53449
RW12,Uniform RT,59,29-Apr-2014 12:40:33,1.3964433819444444,66.6968379030564,0,0.11630218687872762,27.86585,0.8789999999999996,5027.65,25.928308586044317,32.82738
RW12,Uniform RT,60,29-Apr-2014 21:02:50,1.357627777777778,64.84292954365802,0,0.124750499001996,25.09911,0.8709999999999996,4888.03,25.928308586044317,32.82738
RW12,Uniform RT,61,02-May-2014 21:00:03,1.360290277777778,64.97009569533516,0,0.11964107676969105,28.13008,0.8759999999999994,4897.53,27.643908871638388,35.02835
RW12,Uniform RT,62,03-May-2014 05:48:44,1.347952777777778,64.38083282347911,0,0.124750499001996,27.67933,0.8709999999999996,4853.29,27.643908871638388,35.02835
RW12,Uniform RT,63,12-May-2014 02:51:23,1.3833722222222227,66.07253402330721,0,0.11752988047808798,27.21302,0.8789999999999996,4980.62,28.02702924938235,34.84366
RW12,Uniform RT,64,12-May-2014 11:49:44,1.3715555555555556,65.50814715921273,0,0.1185258964143424,28.78291,0.8780000000000001,4938.28,28.02702924938235,34.84366
RW12,Uniform RT,65,15-May-2014 15:31:35,1.2759763888888886,60.94310122287163,0,0.12362911266201364,28.26998,0.8719999999999999,4593.86,31.0576209234306,38.13743
RW12,Uniform RT,66,16-May-2014 00:13:38,1.2967708333333334,61.936284124754884,0,0.12063808574277125,30.42631,0.875,4668.86,31.0576209234306,38.13743
RW12,Uniform RT,67,19-May-2014 01:37:33,1.259698611111111,60.16564306029672,0,0.11988011988012,30.61101,0.8759999999999994,4535.36,30.07683866966733,37.2909
RW12,Uniform RT,68,19-May-2014 10:16:32,1.2657503944444446,60.4546879419057,0,0.12151394422310746,31.45754,0.8739999999999997,4557.16,30.07683866966733,37.2909
RW12,Uniform RT,69,22-May-2014 11:45:37,1.1783684055555559,56.28115507696872,0,0.12761714855433712,27.60161,0.867,4242.52,29.49035501018211,37.44482
RW12,Uniform RT,70,22-May-2014 20:28:47,1.1737783375000002,56.061924545302546,0,0.13034825870646702,27.46172,0.8650000000000002,4225.97,29.49035501018211,37.44482
RW12,Uniform RT,71,25-May-2014 12:15:43,1.1495333333333335,54.90393623459033,0,0.13844621513944158,28.53421,0.8570000000000002,4138.75,27.38020226405137,33.5046
RW12,Uniform RT,72,25-May-2014 21:15:03,1.1464569444444446,54.757001948745334,0,0.143856143856144,28.68965,0.8519999999999994,4127.7300000000005,27.38020226405137,33.5046
RW12,Uniform RT,73,28-May-2014 21:25:31,1.1129051361111113,53.15450266327715,0,0.13186813186813157,27.53943,0.8639999999999999,4006.98,27.387438999263647,33.62774
RW12,Uniform RT,74,29-May-2014 06:06:12,1.1083527180555555,52.93707036846003,0,0.1326021934197408,27.80367,0.8629999999999995,3990.43,27.387438999263647,33.62774
RW12,Uniform RT,75,01-Jun-2014 01:28:41,1.0902035041666667,52.07022879617258,0,0.13047808764940172,28.11454,0.8650000000000002,3925.23,27.128134079019414,32.33485
RW12,Uniform RT,76,01-Jun-2014 10:22:10,1.0869583333333335,51.91523315808436,0,0.13273453093812376,28.51867,0.8629999999999995,3913.41,27.128134079019414,32.33485
RW9,Uniform RT,1,06-Jan-2014 16:31:49,2.0977388888888893,100.0,14,0.08579881656804708,27.49199,0.9130000000000003,7552.56,25.0,25.0
RW9,Uniform RT,2,06-Jan-2014 21:32:56,2.0946652777777777,99.85347980497518,13,0.0858835143139188,27.35149,0.9130000000000003,7541.54,25.0,25.0
RW9,Uniform RT,3,11-Jan-2014 12:30:19,2.044566863888889,97.46526961569731,12,0.08866995073891612,26.9612,0.9100000000000001,7361.42,29.798449049787894,40.60717
RW9,Uniform RT,4,11-Jan-2014 17:57:21,2.0408500000000003,97.28808531937827,11,0.08956692913385846,26.44602,0.9089999999999998,7347.72,29.798449049787894,40.60717
RW9,Uniform RT,5,16-Jan-2014 04:50:19,1.980208266666667,94.39727113585262,10,0.09261083743842395,26.66458,0.9059999999999997,7129.52,29.960153816612955,40.2072
RW9,Uniform RT,6,16-Jan-2014 10:26:30,1.982915277777778,94.52631537131249,9,0.09180651530108587,27.25782,0.907,7139.13,29.960153816612955,40.2072
RW9,Uniform RT,7,20-Jan-2014 18:45:32,1.9149111111111112,91.28453122806832,8,0.09405940594059381,27.25782,0.9050000000000002,6894.5,29.009291670275832,38.72417
RW9,Uniform RT,8,21-Jan-2014 00:25:21,1.9058819444444448,90.85410746491593,7,0.09458128078817743,26.83631,0.9039999999999999,6861.85,29.009291670275832,38.72417
RW9,Uniform RT,9,25-Jan-2014 04:31:08,1.8548013888888895,88.41907821384402,6,0.09575518262586419,27.25782,0.9029999999999996,6678.02,29.62127902154935,39.3889
RW9,Uniform RT,10,25-Jan-2014 10:17:08,1.8545819444444447,88.40861721483184,5,0.09655172413793091,26.99242,0.9020000000000001,6676.92,29.62127902154935,39.3889
RW9,Uniform RT,11,29-Jan-2014 12:56:48,1.7674416666666668,84.25460747418516,4,0.09861932938856068,27.81983,0.8999999999999995,6363.67,28.650222124185632,37.39471
RW9,Uniform RT,12,29-Jan-2014 18:38:56,1.757089388888889,83.76111050787487,3,0.09861932938856068,33.40633,0.8999999999999995,6326.4,28.650222124185632,37.39471
RW9,Uniform RT,13,02-Feb-2014 17:46:35,1.7142069444444445,81.71688828977231,2,0.10069101678183645,33.96285,0.8979999999999997,6171.86,35.37266556094791,46.5914
RW9,Uniform RT,14,02-Feb-2014 23:34:26,1.7138805555555554,81.70132920896307,1,0.10157790927021672,32.94257,0.8970000000000002,6170.49,35.37266556094791,46.5914
RW9,Uniform RT,15,06-Feb-2014 22:17:30,1.6491486111111116,78.61553312693827,0,0.10049261083743874,34.93675,0.8979999999999997,5937.4800000000005,35.46839577765989,43.7762
RW9,Uniform RT,16,07-Feb-2014 04:00:08,1.6477708333333334,78.54985394326694,0,0.09990108803165182,35.33868,0.899,5932.7,35.46839577765989,43.7762
RW9,Uniform RT,17,10-Feb-2014 22:24:46,1.599201388888889,76.23453030114435,0,0.10266535044422517,33.20536,0.8959999999999999,5757.74,35.85727927363872,43.33007
RW9,Uniform RT,18,11-Feb-2014 04:05:49,1.59907185,76.22835513370215,0,0.10266535044422517,33.77734,0.8959999999999999,5757.32,35.85727927363872,43.33007
RW9,Uniform RT,19,14-Feb-2014 20:09:01,1.524152777777778,72.65693484783881,0,0.1057312252964429,33.43725,0.8929999999999998,5487.7,35.21102990682814,41.39174
RW9,Uniform RT,20,15-Feb-2014 01:54:22,1.5220680555555555,72.55755535722324,0,0.10682492581602428,34.11744,0.8919999999999995,5479.86,35.21102990682814,41.39174
RW9,Uniform RT,21,18-Feb-2014 10:08:27,1.4441986111111114,68.84548972041324,0,0.13838748495788233,34.33386,0.8789999999999996,5200.51,34.25061207069994,42.42244
RW9,Uniform RT,22,18-Feb-2014 16:19:41,1.4696555555555557,70.05903181467876,0,0.1065088757396455,34.75125,0.8919999999999995,5292.28,34.25061207069994,42.42244
RW9,Uniform RT,23,22-Feb-2014 07:38:13,1.4170388888888892,67.55077557052171,0,0.11045364891518747,33.42179,0.8879999999999999,5101.84,34.256989515966225,42.22245
RW9,Uniform RT,24,22-Feb-2014 13:13:57,1.4155902777777778,67.4817197352705,0,0.11056268509378096,34.24111,0.8879999999999999,5096.55,34.256989515966225,42.22245
RW9,Uniform RT,25,25-Feb-2014 20:32:04,1.3832666833333331,65.94084185882681,0,0.11154985192497575,33.83918,0.8869999999999996,4980.12,34.53930349439589,40.83793
RW9,Uniform RT,26,26-Feb-2014 02:02:43,1.3852517055555558,66.03546861303043,0,0.11154985192497575,34.3184,0.8869999999999996,4987.72,34.53930349439589,40.83793
RW9,Uniform RT,27,06-Mar-2014 21:48:46,1.4677847222222222,69.96984848765734,0,0.10667996011964041,34.53482,0.8890000000000002,5284.57,34.191755479593695,42.14553
RW9,Uniform RT,28,07-Mar-2014 06:01:44,1.4518944444444446,69.21235298323856,0,0.10657370517928219,35.81791,0.8890000000000002,5227.22,34.191755479593695,42.14553
RW9,Uniform RT,29,10-Mar-2014 21:39:08,1.3517972222222223,64.44068083889266,0,0.11277445109780394,33.91647,0.883,4866.99,35.05245699991656,43.83773
RW9,Uniform RT,30,11-Mar-2014 05:29:31,1.3615280388888888,64.9045525208359,0,0.1123260437375741,34.76671,0.883,4901.88,35.05245699991656,43.83773
RW9,Uniform RT,31,14-Mar-2014 10:37:11,1.3317868305555556,63.48677795933716,0,0.11354581673306761,34.30294,0.8819999999999997,4794.82,34.222392006209006,40.36103
RW9,Uniform RT,32,14-Mar-2014 18:26:55,1.331123611111111,63.45516203955051,0,0.11343283582089542,34.33386,0.8819999999999997,4792.71,34.222392006209006,40.36103
RW9,Uniform RT,33,18-Mar-2014 02:38:12,1.2959814013888888,61.77991971514301,0,0.11477045908183565,34.67395,0.8810000000000002,4666.09,34.262906717936666,39.85266
RW9,Uniform RT,34,18-Mar-2014 09:39:00,1.2888152513888889,61.43830665557888,0,0.11553784860557735,34.79763,0.8780000000000001,4640.19,34.262906717936666,39.85266
RW9,Uniform RT,35,21-Mar-2014 12:18:50,1.2217333333333333,58.24048644969583,0,0.11653386454183266,33.66913,0.8579999999999997,4398.62,34.29777953388788,40.03798
RW9,Uniform RT,36,21-Mar-2014 20:36:03,1.2787102361111111,60.956596785427685,0,0.11565304087736757,34.25657,0.8799999999999999,4603.7,34.29777953388788,40.03798
RW9,Uniform RT,37,25-Mar-2014 00:27:29,1.250298611111111,59.602203960348824,0,0.11864406779660995,33.12807,0.8769999999999998,4501.61,34.17857840517518,40.94561
RW9,Uniform RT,38,25-Mar-2014 08:22:26,1.2560802375,59.87781625983531,0,0.11764705882352887,34.44207,0.8780000000000001,4522.29,34.17857840517518,40.94561
RW9,Uniform RT,39,28-Mar-2014 13:03:34,1.2210180555555556,58.20638888962454,0,0.11876247504990085,34.00922,0.8759999999999994,4396.08,34.154763485959215,39.86812
RW9,Uniform RT,40,28-Mar-2014 21:02:58,1.2069458333333332,57.53556077575589,0,0.12263210368893254,33.35995,0.8730000000000002,4345.45,34.154763485959215,39.86812
RW9,Uniform RT,41,01-Apr-2014 03:50:30,1.193241666666667,56.882278008331724,0,0.12199999999999989,33.39087,0.8739999999999997,4296.31,33.56253876229466,38.49228
RW9,Uniform RT,42,01-Apr-2014 11:55:46,1.2075461611111113,57.56417862619275,0,0.11964107676969105,35.46235,0.8759999999999994,4347.64,33.56253876229466,38.49228
RW9,Uniform RT,43,04-Apr-2014 12:44:16,1.1944416666666666,56.93948245862608,0,0.12175648702594799,34.45753,0.8739999999999997,4300.33,33.67228336192176,40.91484
RW9,Uniform RT,44,04-Apr-2014 21:12:40,1.1760819444444446,56.064267610893204,0,0.12362911266201364,33.85464,0.8719999999999999,4234.28,33.67228336192176,40.91484
RW9,Uniform RT,45,08-Apr-2014 01:21:37,1.1545115805555555,55.036000270132114,0,0.1267465069860277,32.63339,0.8689999999999998,4156.62,32.83507678741181,40.71486
RW9,Uniform RT,46,08-Apr-2014 09:48:49,1.164263888888889,55.50089646789003,0,0.12399999999999967,31.64402,0.8719999999999999,4191.79,32.83507678741181,40.71486
RW9,Uniform RT,47,11-Apr-2014 11:40:42,1.1428291666666668,54.47909521627784,0,0.12437810945273634,33.68459,0.8700000000000001,4114.66,33.140886635509816,39.52802
RW9,Uniform RT,48,11-Apr-2014 20:09:39,1.1296750000000002,53.85203115523858,0,0.12649402390438313,32.37059,0.8679999999999994,4067.38,33.140886635509816,39.52802
RW9,Uniform RT,49,14-Apr-2014 22:52:04,1.1197845,53.380547308874895,0,0.12649402390438225,32.78798,0.8689999999999998,4031.6,32.65342941964517,39.32706
RW9,Uniform RT,50,15-Apr-2014 07:26:30,1.1199875000000001,53.39022439504969,0,0.12587412587412533,33.40633,0.8700000000000001,4032.57,32.65342941964517,39.32706
RW9,Uniform RT,51,18-Apr-2014 06:20:55,1.1073305555555557,52.78686310392406,0,0.1294820717131473,33.42179,0.8650000000000002,3986.65,32.10623040717719,41.49942
RW9,Uniform RT,52,18-Apr-2014 15:07:50,1.1192416666666667,53.35467024017924,0,0.12562313060817581,34.70487,0.8689999999999998,4029.7200000000003,32.10623040717719,41.49942
RW9,Uniform RT,53,21-Apr-2014 17:32:04,1.0750000000000002,51.2456533887016,0,0.12874251497006034,32.94257,0.8659999999999997,3870.32,32.73559107945034,39.07972
RW9,Uniform RT,54,22-Apr-2014 01:59:16,1.075986111111111,51.29266167540181,0,0.1280000000000001,33.3445,0.867,3874.03,32.73559107945034,39.07972
RW9,Uniform RT,55,25-Apr-2014 02:05:17,1.0833777777777778,51.645025199090014,0,0.12549800796812782,35.6324,0.8689999999999998,3900.4700000000003,33.21551128325821,38.66233
RW9,Uniform RT,56,25-Apr-2014 10:29:26,1.0876769236111112,51.849967094199314,0,0.12462612163509473,36.03433,0.8700000000000001,3916.15,33.21551128325821,38.66233
RW9,Uniform RT,57,28-Apr-2014 10:01:18,1.0582374819444444,50.44657786293707,0,0.12662013958125692,35.58603,0.8679999999999994,3810.13,35.257384672563774,41.54557
RW9,Uniform RT,58,28-Apr-2014 18:20:18,1.0688777777777778,50.953804758033115,0,0.1232604373757452,36.55993,0.8719999999999999,3848.38,35.257384672563774,41.54557
RW9,Uniform RT,59,01-May-2014 11:55:19,1.0576444444444446,50.41830754277754,0,0.12350597609561809,38.3377,0.8709999999999996,3807.96,35.706577000292654,43.0224
RW9,Uniform RT,60,01-May-2014 20:22:08,1.0646819444444446,50.753787808566365,0,0.12263210368893254,38.15219,0.8730000000000002,3833.23,35.706577000292654,43.0224
RW9,Uniform RT,61,04-May-2014 20:17:36,1.0339625000000001,49.28938036457243,0,0.12362911266201453,38.27586,0.8709999999999996,3722.57,37.372950426741326,42.33014
RW9,Uniform RT,62,05-May-2014 04:46:06,1.0354958333333333,49.362474939948555,0,0.12287712287712312,38.64687,0.8719999999999999,3728.18,37.372950426741326,42.33014
RW9,Uniform RT,63,08-May-2014 00:21:52,1.0013500000000002,47.73473025188497,0,0.1267465069860286,37.84301,0.8679999999999994,3605.2200000000003,37.22274330301149,41.79171
RW9,Uniform RT,64,08-May-2014 08:46:08,1.0066458333333335,47.98718461412155,0,0.12562313060817581,38.19857,0.8689999999999998,3624.31,37.22274330301149,41.79171
RW9,Uniform RT,65,11-May-2014 20:08:24,1.0741597222222223,51.20559703172462,0,0.12163509471585235,39.07972,0.8739999999999997,3867.39,37.12581493508417,42.56089
RW9,Uniform RT,66,12-May-2014 04:59:08,1.039038888888889,49.53137372779686,0,0.1237524950099797,37.75026,0.8719999999999999,3741.03,37.12581493508417,42.56089
RW9,Uniform RT,67,15-May-2014 03:54:40,0.9903583333333335,47.210753377313665,0,0.12075848303393258,41.06868,0.8739999999999997,3565.53,40.07537599908547,45.16072
RW9,Uniform RT,68,15-May-2014 12:10:13,0.9831222222222223,46.865805245330286,0,0.12263210368893254,39.01788,0.8730000000000002,3539.76,40.07537599908547,45.16072
RW9,Uniform RT,69,18-May-2014 06:40:53,0.9374437694444445,44.68829626078873,0,0.12437810945273634,40.74563,0.8700000000000001,3375.14,38.68207078652694,44.74536
RW9,Uniform RT,70,18-May-2014 14:48:38,0.9537555555555557,45.465885225626536,0,0.12275449101796429,41.40712,0.8719999999999999,3433.87,38.68207078652694,44.74536
RW9,Uniform RT,71,21-May-2014 10:16:34,0.8858165583333334,42.22720773425354,0,0.12736318407960212,39.52802,0.867,3189.2200000000003,40.72046963856156,46.48371
RW9,Uniform RT,72,21-May-2014 18:16:25,0.8591749999999999,40.95719465138389,0,0.13273453093812376,37.59567,0.8620000000000001,3093.31,40.72046963856156,46.48371
RW9,Uniform RT,73,24-May-2014 09:18:37,0.8241732333333335,39.28864730013533,0,0.13659022931206427,37.68842,0.8579999999999997,2967.28,36.570227821205854,40.25335
RW9,Uniform RT,74,24-May-2014 17:39:20,0.8373083333333333,39.91480244601991,0,0.13373253493014006,38.24494,0.8609999999999998,3014.43,36.570227821205854,40.25335
RW9,Uniform RT,75,27-May-2014 07:16:42,0.7783472222222223,37.1041041544732,0,0.13944223107569778,37.70388,0.8549999999999995,2802.35,36.962707853289494,42.94548
RW9,Uniform RT,76,27-May-2014 15:38:53,0.7849255597222223,37.41769597158846,0,0.13772455089820348,37.88939,0.8570000000000002,2825.9700000000003,36.962707853289494,42.94548
RW9,Uniform RT,77,30-May-2014 04:54:20,0.7597603458333335,36.218060782376796,0,0.13958125623130666,37.79663,0.8549999999999995,2735.51,36.3800358526739,40.33027
RW9,Uniform RT,78,30-May-2014 13:14:43,0.7587233652777777,36.168627530171364,0,0.13944223107569778,37.53384,0.8549999999999995,2731.77,36.3800358526739,40.33027
RW9,Uniform RT,79,02-Jun-2014 01:19:33,0.7487625,35.69378934461179,0,0.13958125623130577,38.29132,0.8540000000000001,2695.86,37.198573984658616,40.49949
RW9,Uniform RT,80,02-Jun-2014 09:51:43,0.7501847222222222,35.76158721162733,0,0.13930348258706526,38.86329,0.8549999999999995,2700.8,37.198573984658616,40.49949
RW17,Skewed RT,1,04-Aug-2014 15:19:22,2.131262983333334,100.0,7,0.08266932270916354,26.05137,0.915,7673.4800000000005,25.0,25.0
RW17,Skewed RT,2,05-Aug-2014 18:28:34,2.136880555555556,100.26357949563953,6,0.07968127490039847,33.58435,0.9180000000000001,7693.13,28.667350812306033,32.54905
RW17,Skewed RT,3,25-Aug-2014 18:03:52,2.0023041666666668,93.94918329295182,5,0.0925373134328358,31.93471,0.9050000000000002,7208.91,38.585069145198766,49.1772
RW17,Skewed RT,4,04-Sep-2014 05:26:52,1.9573708333333335,91.84088724104663,4,0.08358208955223934,32.39427,0.9139999999999997,7047.12,38.43634399319152,49.62685
RW17,Skewed RT,5,13-Sep-2014 16:51:56,1.8992930555555558,89.11584681985266,3,0.08457711442786067,28.92167,0.9130000000000003,6838.13,32.91147896714722,44.53526
RW17,Skewed RT,6,23-Sep-2014 02:10:41,1.8306763888888888,85.8963160907378,2,0.08574277168494547,28.45756,0.9109999999999996,6590.66,32.32068436131994,43.69682
RW17,Skewed RT,7,02-Oct-2014 13:25:41,1.7671527777777778,82.91575425449932,1,0.08964143426294807,27.93157,0.907,6362.41,32.04175380784695,42.85838
RW17,Skewed RT,8,12-Oct-2014 00:30:16,1.7023222222222223,79.87386988534655,0,0.09262948207171312,25.7967,0.9039999999999999,6129.02,28.77405624254037,40.16014
RW17,Skewed RT,9,21-Oct-2014 00:57:06,1.6520455125,77.51485975307332,0,0.09580838323353302,24.43532,0.9009999999999998,5947.69,27.59644002120154,39.30307
RW17,Skewed RT,10,30-Oct-2014 01:28:47,1.6126347222222224,75.66568437744048,0,0.09670987038883393,24.54361,0.8999999999999995,5806.07,26.582197539807087,38.75159
RW17,Skewed RT,11,07-Nov-2014 19:09:52,1.5828180555555558,74.26667041718144,0,0.09552238805970159,26.19892,0.9009999999999998,5698.67,25.939970159123966,38.39926
RW17,Skewed RT,12,16-Nov-2014 12:21:51,1.5197277777777776,71.30644081289752,0,0.09860557768924323,25.98234,0.8979999999999997,5471.32,26.999010397671096,38.44521
RW17,Skewed RT,13,24-Nov-2014 02:26:38,1.4855930555555557,69.70482137460395,0,0.10069790628115652,24.69831,0.8959999999999999,5348.42,23.787272108722625,35.96356
RW17,Skewed RT,14,01-Dec-2014 08:39:12,1.4496875,68.02011348841909,0,0.10169491525423761,25.51823,0.8949999999999996,5219.07,22.841683589156165,32.51682
RW17,Skewed RT,15,08-Dec-2014 07:14:35,1.402923611111111,65.82592678998783,0,0.10269192422731782,25.11601,0.8929999999999998,5051.08,22.51612083671489,33.8802
RW17,Skewed RT,16,14-Dec-2014 22:15:38,1.3637444611111114,63.987620100180706,0,0.10358565737051802,25.19336,0.8919999999999995,4909.88,21.435020072773764,30.81643
RW17,Skewed RT,17,21-Dec-2014 17:28:02,1.3223902777777778,62.04725968212217,0,0.10468594217347911,25.30165,0.891,4760.89,22.042476103243708,33.00702
RW17,Skewed RT,18,22-Dec-2014 15:51:58,1.329851388888889,62.397339009237484,0,0.10667996011964041,26.38456,0.8890000000000002,4787.63,21.291450547550433,24.74473
RW17,Skewed RT,19,29-Dec-2014 02:25:36,1.2759888888888888,59.87008167772985,0,0.10657370517928219,24.94584,0.8890000000000002,4593.95,21.394901011593543,29.8344
RW17,Skewed RT,20,03-Jan-2015 21:53:18,1.2301820819444447,57.72080177643857,0,0.10956175298804724,24.31156,0.8860000000000001,4429.01,19.21820058650826,30.83175
RW17,Skewed RT,21,09-Jan-2015 19:04:56,1.20775,56.66827648416515,0,0.10978043912175592,24.74473,0.8860000000000001,4348.17,20.098614450197573,26.43097
RW17,Skewed RT,22,15-Jan-2015 10:42:02,1.1982152777777777,56.220902213754364,0,0.11066799601196388,25.44088,0.8849999999999998,4313.83,19.563487016348773,24.66738
RW17,Skewed RT,23,21-Jan-2015 03:37:23,1.1611,54.479433513362984,0,0.1125498007968123,24.52814,0.883,4180.41,20.519080949232404,27.21995
RW17,Skewed RT,24,26-Jan-2015 23:50:28,1.1410183194444445,53.53719031237859,0,0.11266201395812518,24.97678,0.883,4108.1,19.933547952823446,26.52379
RW17,Skewed RT,25,01-Feb-2015 13:13:20,1.1341273430555556,53.21386201161153,0,0.11565304087736757,24.88396,0.8799999999999999,4083.13,20.060325525024535,26.16798
RW17,Skewed RT,26,07-Feb-2015 00:35:22,1.1203402777777778,52.566965528840804,0,0.11565304087736757,25.42541,0.8799999999999999,4033.54,20.43780069049061,24.4972
RW17,Skewed RT,27,12-Feb-2015 14:02:04,1.1117875000000002,52.1656646173784,0,0.11542288557213987,26.30721,0.8789999999999996,4002.81,20.25837232731052,27.54482
RW17,Skewed RT,28,17-Feb-2015 22:02:03,1.095898611111111,51.42014944571063,0,0.11665004985044866,25.71935,0.8789999999999996,3945.73,20.085494082749953,26.24533
RW18,Skewed RT,1,04-Aug-2014 15:22:57,2.120722925,100.0,7,0.08591408591408622,24.73714,0.9119999999999999,7634.94,25.0,25.0
RW18,Skewed RT,2,05-Aug-2014 14:11:45,2.115915277777778,99.77330149235681,6,0.08358208955223934,15.0,0.9139999999999997,7618.0,15.0,15.0
RW18,Skewed RT,3,25-Aug-2014 17:14:18,1.9539611111111115,92.13655815556912,5,0.08764940239043832,15.0,0.9100000000000001,7034.9800000000005,23.02938554409804,49.74214
RW18,Skewed RT,4,03-Sep-2014 16:04:45,1.8928972222222222,89.25716791703104,4,0.08648111332008016,15.0,0.9109999999999996,6814.67,22.450590087088983,47.38422
RW18,Skewed RT,5,13-Sep-2014 04:17:47,1.8489402777777781,87.1844339485215,3,0.08574277168494547,29.44232,0.9119999999999999,6656.47,33.52203222380767,45.46142
RW18,Skewed RT,6,22-Sep-2014 15:37:51,1.7854736111111116,84.19174377110635,2,0.08773678963110677,27.73882,0.9089999999999998,6428.71,33.706819357644925,45.40038
RW18,Skewed RT,7,02-Oct-2014 05:27:51,1.7249236111111113,81.33658531140325,1,0.09172482552342937,26.71671,0.9050000000000002,6210.4,33.77776927954932,46.52964
RW18,Skewed RT,8,11-Oct-2014 21:38:18,1.6883486111111112,79.6119375712936,0,0.0925373134328358,26.62379,0.9039999999999999,6078.25,30.42126536912298,42.53144
RW18,Skewed RT,9,21-Oct-2014 15:15:21,1.6543444444444448,78.00851421665303,0,0.09262948207171312,26.65477,0.9039999999999999,5956.24,29.732907948151905,42.83664
RW18,Skewed RT,10,31-Oct-2014 05:51:27,1.5983736111111113,75.36928055375793,0,0.09690309690309733,26.23664,0.8999999999999995,5754.85,29.13748518915003,42.72982
RW18,Skewed RT,11,09-Nov-2014 05:37:13,1.5643127958333334,73.7631860057029,0,0.09670987038883393,26.87158,0.8999999999999995,5632.13,28.056124135333715,41.28009
RW18,Skewed RT,12,18-Nov-2014 06:38:20,1.4964402777777777,70.56274349360267,0,0.09970089730807542,25.75656,0.8970000000000002,5387.74,28.037496708311977,41.89051
RW18,Skewed RT,13,26-Nov-2014 23:28:40,1.4456208333333336,68.16641704070481,0,0.10169491525423761,25.43134,0.8949999999999996,5204.79,26.167710126504243,38.67941
RW18,Skewed RT,14,05-Dec-2014 01:42:31,1.4220069444444445,67.05293405759004,0,0.10269192422731782,25.66364,0.8940000000000001,5119.78,24.668516467925258,38.37271
RW18,Skewed RT,15,12-Dec-2014 07:58:46,1.393088888888889,65.6893398221217,0,0.10458167330677333,26.00434,0.8919999999999995,5015.63,22.42874530657933,36.13381
RW18,Skewed RT,16,19-Dec-2014 10:00:12,1.3520263888888893,63.75308971061787,0,0.10447761194029895,27.11936,0.8919999999999995,4867.7300000000005,22.981880061733875,36.97723
RW18,Skewed RT,17,22-Dec-2014 11:34:15,1.3452342597222224,63.43281547363018,0,0.10489510489510533,27.32068,0.8919999999999995,4843.33,23.20260227900552,35.33639
RW18,Skewed RT,18,29-Dec-2014 08:24:27,1.2933356208333333,60.98560097535294,0,0.10667996011964129,26.48442,0.8899999999999997,4656.47,22.465898727084564,34.12493
RW18,Skewed RT,19,04-Jan-2015 08:19:14,1.251654166666667,59.02016486508567,0,0.1094527363184074,24.4557,0.8860000000000001,4506.27,19.33017745076901,28.095
RW18,Skewed RT,20,10-Jan-2015 10:14:37,1.2364180555555555,58.30172536827533,0,0.1076769690927215,25.41586,0.8879999999999999,4451.63,20.53276516303219,30.96593
RW18,Skewed RT,21,16-Jan-2015 08:50:04,1.2323152777777777,58.10826408536032,0,0.10789210789210756,26.36053,0.8879999999999999,4436.92,20.056596381159522,26.43796
RW18,Skewed RT,22,22-Jan-2015 10:42:10,1.206151388888889,56.87453908618869,0,0.1096709870388828,26.68574,0.8860000000000001,4342.58,20.762850624911636,27.89368
RW18,Skewed RT,23,28-Jan-2015 14:38:59,1.1753569444444445,55.422466112325566,0,0.1094527363184074,27.01096,0.8860000000000001,4231.42,20.63118093388874,28.88481
RW18,Skewed RT,24,03-Feb-2015 14:14:12,1.1541145624999998,54.42080853160013,0,0.11066799601196388,27.33617,0.8849999999999998,4155.15,20.616037560077938,30.49055
RW18,Skewed RT,25,09-Feb-2015 12:54:36,1.133461111111111,53.446921224332556,0,0.11055776892430255,26.94901,0.8849999999999998,4080.67,21.002433864848843,31.64067
RW18,Skewed RT,26,15-Feb-2015 04:58:49,1.1003486111111112,51.885543280535394,0,0.11465603190428648,25.33842,0.8810000000000002,3961.6,20.060827671603892,27.13485
RW18,Skewed RT,27,20-Feb-2015 17:48:49,1.1167486111111111,52.65886448184226,0,0.11066799601196388,27.28971,0.8849999999999998,4020.46,20.861506802849927,26.46893
RW19,Skewed RT,1,04-Aug-2014 15:19:14,2.132016666666667,100.0,7,0.07847082494969848,25.69895,0.9199999999999999,7676.28,25.0,25.0
RW19,Skewed RT,2,25-Aug-2014 16:26:10,2.0032930555555555,93.96235436975424,6,0.0773869346733668,34.30708,0.9210000000000003,7212.349999999999,40.27994524870262,50.65601
RW19,Skewed RT,3,04-Sep-2014 03:50:47,1.9445668166666668,91.20786188350623,5,0.0768463073852295,37.37346,0.9210000000000003,7001.08,40.63931085001879,50.61133
RW19,Skewed RT,4,13-Sep-2014 16:37:00,1.886405555555556,88.47986908586812,4,0.07661290322580608,28.74465,0.9210000000000003,6791.75,32.263327167417685,42.25331
RW19,Skewed RT,5,23-Sep-2014 05:24:04,1.8274305555555554,85.71370872126806,3,0.07831325301204849,27.64533,0.9189999999999996,6579.44,32.175315727883536,42.69577
RW19,Skewed RT,6,02-Oct-2014 15:06:57,1.7811291666666669,83.54199075992213,2,0.08091908091908133,27.7692,0.9159999999999995,6412.889999999999,31.735368704863244,42.116
RW19,Skewed RT,7,12-Oct-2014 05:30:13,1.7212430555555556,80.73309568666077,1,0.08224674022066183,25.09058,0.915,6197.03,29.00320058289354,39.04463
RW19,Skewed RT,8,21-Oct-2014 22:41:04,1.6751680555555557,78.57199625810722,0,0.08308308308308326,24.48674,0.9139999999999997,6030.8,27.96252132951672,38.40069
RW19,Skewed RT,9,31-Oct-2014 03:51:22,1.6344833333333335,76.6637221410089,0,0.08333333333333352,24.64157,0.9139999999999997,5884.53,27.35995251090997,36.89817
RW19,Skewed RT,10,09-Nov-2014 08:33:53,1.6019947458333337,75.13987910507267,0,0.08442211055276345,26.4686,0.9130000000000003,5767.83,26.949673196016914,37.08215
RW19,Skewed RT,11,17-Nov-2014 22:46:37,1.5357486625000003,72.0326762220433,0,0.08542713567839193,24.31642,0.9109999999999996,5529.63,27.11575127934225,37.48078
RW19,Skewed RT,12,26-Nov-2014 15:11:57,1.5096944444444444,70.81063051935699,0,0.08634538152610471,25.55509,0.9109999999999996,5435.349999999999,25.747251193591623,35.62562
RW19,Skewed RT,13,04-Dec-2014 18:42:43,1.4333791666666669,67.23114265835946,0,0.08743718592964798,24.73447,0.9020000000000001,5160.84,24.813949797399147,36.40755
RW19,Skewed RT,14,12-Dec-2014 00:14:22,1.415575475,66.39607922076907,0,0.08926780341023022,23.66612,0.907,5096.58,22.91303684985244,32.69722
RW19,Skewed RT,15,19-Dec-2014 01:22:57,1.3874535166666668,65.07704833451896,0,0.08926780341023022,24.8893,0.907,4995.32,21.89004124496992,30.21346
RW19,Skewed RT,16,22-Dec-2014 12:03:35,1.3761569444444446,64.54719449243413,0,0.08844221105527646,25.74088,0.9079999999999995,4954.66,21.899799318283414,31.94596
RW19,Skewed RT,17,29-Dec-2014 08:12:43,1.3210477458333334,61.96235547720859,0,0.09027081243731179,24.96672,0.9059999999999997,4756.23,21.70939814921158,33.17252
RW19,Skewed RT,18,04-Jan-2015 07:59:15,1.2448250000000003,58.38720772977073,0,0.09557344064386293,22.72164,0.9009999999999998,4481.88,19.141551311684175,26.39118
RW19,Skewed RT,19,10-Jan-2015 02:02:35,1.2270208333333332,57.552122012804766,0,0.09447236180904464,23.91385,0.9020000000000001,4417.74,20.219905049758122,27.6763
RW19,Skewed RT,20,15-Jan-2015 20:54:09,1.1956152777777778,56.07907745144789,0,0.09327983951855563,24.85834,0.899,4304.62,19.847482008780766,25.80282
RW19,Skewed RT,21,21-Jan-2015 12:11:41,1.1949833333333335,56.049436761751394,0,0.09437751004016005,26.0041,0.9020000000000001,4302.57,20.544958985603056,29.61172
RW19,Skewed RT,22,27-Jan-2015 02:02:26,1.1487930555555554,53.8829303502422,0,0.09390609390609422,24.84285,0.8959999999999999,4135.94,20.131342357010038,26.76278
RW19,Skewed RT,23,01-Feb-2015 19:44:59,1.1174537250000003,52.41299200287678,0,0.09538152610441832,24.71898,0.8999999999999995,4023.18,20.270846132283694,27.16535
RW19,Skewed RT,24,07-Feb-2015 14:04:40,1.1031053347222222,51.739995843788996,0,0.09557344064386382,25.41574,0.8999999999999995,3971.5899999999997,20.929535140323882,29.36399
RW19,Skewed RT,25,12-Feb-2015 22:09:41,1.0810166666666667,50.70395009419876,0,0.09638554216867479,24.7964,0.899,3892.14,20.086149245283018,24.93575
RW19,Skewed RT,26,18-Feb-2015 06:01:05,1.0749333333333333,50.4186177406368,0,0.09738955823293215,25.19897,0.8979999999999997,3870.1499999999996,20.022215049649265,23.88289
RW20,Skewed RT,1,04-Aug-2014 15:21:04,2.1292125000000004,100.0,8,0.08275174476570309,26.12452,0.915,7665.63,25.0,25.0
RW20,Skewed RT,2,05-Aug-2014 17:31:08,2.1338777777777778,100.21910813400623,7,0.07852882703777399,37.80784,0.9189999999999996,7683.16,33.45978418145957,37.12736
RW20,Skewed RT,3,15-Aug-2014 13:48:05,2.043965277777778,95.99630275408292,6,0.0797607178464607,37.26655,0.9180000000000001,7358.59,41.57570945914312,52.01377
RW20,Skewed RT,4,25-Aug-2014 16:42:12,1.9992111111111115,93.89439105355201,5,0.08383233532934184,35.50077,0.9139999999999997,7197.7300000000005,41.15346700663761,51.53898
RW20,Skewed RT,5,04-Sep-2014 04:33:05,1.9367083333333337,90.95890303731231,4,0.0816733067729091,38.8008,0.9159999999999995,6972.4800000000005,41.997478291068255,53.22514
RW20,Skewed RT,6,13-Sep-2014 16:11:05,1.8710958333333334,87.8773646751244,3,0.08275174476570309,29.30837,0.9139999999999997,6736.26,33.12826437011787,43.3431
RW20,Skewed RT,7,23-Sep-2014 04:14:26,1.8033694444444446,84.69654599737905,2,0.08483033932135725,28.65734,0.9119999999999999,6492.91,32.836911032966775,43.20563
RW20,Skewed RT,8,02-Oct-2014 18:15:30,1.7245512125,80.99479091448127,1,0.08773678963110677,26.71977,0.9089999999999998,6208.7300000000005,32.037668407524556,44.22901
RW20,Skewed RT,9,12-Oct-2014 17:27:13,1.6600208333333333,77.96407513732579,0,0.09272183449651045,26.50276,0.9039999999999999,5976.36,29.317964851405964,41.2047
RW20,Skewed RT,10,21-Oct-2014 21:29:39,1.5677125,73.6287477177595,0,0.09670987038883393,25.09221,0.8999999999999995,5644.2,27.134186567721606,39.96732
RW20,Skewed RT,11,30-Oct-2014 16:48:26,1.5038652777777781,70.63011689898391,0,0.09870388833499523,25.60373,0.8979999999999997,5414.38,25.89574888025625,38.03335
RW20,Skewed RT,12,07-Nov-2014 22:09:01,1.4606930555555557,68.60250235970132,0,0.09850746268656738,26.78178,0.8979999999999997,5258.81,24.791918016550003,35.74635
RW20,Skewed RT,13,15-Nov-2014 12:32:27,1.410015277777778,66.22238399303862,0,0.10069790628115652,26.53376,0.8949999999999996,5076.34,24.98244093693253,37.12776
RW20,Skewed RT,14,22-Nov-2014 15:54:24,1.3643608444444446,64.07819061951047,0,0.1024875621890545,25.61923,0.8940000000000001,4911.92,22.906960610828317,34.01192
RW20,Skewed RT,15,29-Nov-2014 15:25:04,1.3248541666666667,62.2227310175319,0,0.10348258706467672,26.05325,0.8919999999999995,4769.79,22.435549705397985,32.8454
RW20,Skewed RT,16,06-Dec-2014 06:34:23,1.2845333333333335,60.32903401296645,0,0.10479041916167618,25.44872,0.891,4624.56,22.06853588331338,31.77097
RW20,Skewed RT,17,12-Dec-2014 09:06:56,1.2489444444444446,58.65757619046686,0,0.1075697211155375,25.18521,0.8879999999999999,4496.5,20.61250352539255,26.92128
RW20,Skewed RT,18,18-Dec-2014 08:32:56,1.2393305555555556,58.206052968200936,0,0.10678642714570791,25.49523,0.8890000000000002,4461.86,20.597094030010716,28.14582
RW20,Skewed RT,19,22-Dec-2014 11:31:07,1.2359528208333332,58.04741522198151,0,0.10657370517928219,26.50276,0.8890000000000002,4449.69,20.905181517355373,27.77381
RW20,Skewed RT,20,28-Dec-2014 04:53:42,1.2008319444444444,56.39793794393205,0,0.10845771144278607,25.26272,0.8869999999999996,4323.49,20.61040711306948,28.20783
RW20,Skewed RT,21,02-Jan-2015 21:38:49,1.1659625,54.76026934840932,0,0.11166500498504497,24.10018,0.8839999999999995,4197.66,19.231145910858743,27.6033
RW20,Skewed RT,22,08-Jan-2015 20:51:15,1.151341666666667,54.07359137083155,0,0.11077844311377222,25.16972,0.8849999999999998,4144.9800000000005,19.904523084650414,28.08382
RW20,Skewed RT,23,14-Jan-2015 12:16:17,1.1501791666666668,54.01899372029173,0,0.11066799601196388,25.61923,0.8849999999999998,4141.29,19.656699856166,25.78974
RW20,Skewed RT,24,20-Jan-2015 05:32:52,1.119876388888889,52.595801916853716,0,0.11166500498504497,24.98371,0.8839999999999995,4032.08,20.491536468598664,26.11525
RW20,Skewed RT,25,25-Jan-2015 18:07:22,1.1163111111111113,52.428356075831374,0,0.11133200795228639,25.71224,0.8839999999999995,4019.17,19.85401926094173,27.83581
RW20,Skewed RT,26,31-Jan-2015 06:58:28,1.0749458333333335,50.48560598499836,0,0.11365902293120628,24.22418,0.8810000000000002,3870.21,20.268529660120848,25.97574
RW20,Skewed RT,27,05-Feb-2015 20:53:01,1.0724625,50.368974444777116,0,0.11166500498504497,25.40222,0.883,3861.39,20.33646319201597,25.57273
RW20,Skewed RT,28,11-Feb-2015 07:27:45,1.0407198805555558,48.87815943949022,0,0.11477045908183654,24.03817,0.8799999999999999,3746.86,20.205171921932436,24.7202
RW20,Skewed RT,29,16-Feb-2015 14:41:59,1.0707708333333334,50.28952410026398,0,0.11066799601196477,27.06079,0.8839999999999995,3854.9700000000003,19.88126557436182,24.47219
RW25,Skewed High 40C,1,14-Nov-2014 20:16:45,2.132590530555556,100.0,11,0.12350597609561809,43.91388,0.8739999999999997,7678.18,25.0,25.0
RW25,Skewed High 40C,2,23-Nov-2014 08:01:43,2.0663055555555556,96.89180955976896,10,0.10489510489510533,42.76745,0.8929999999999998,7439.36,47.191378495731485,57.6643
RW25,Skewed High 40C,3,01-Dec-2014 21:30:08,2.007734722222222,94.14534545922382,9,0.10468594217348,42.62988,0.8929999999999998,7228.46,46.779992817277254,56.3561
RW25,Skewed High 40C,4,10-Dec-2014 11:50:23,1.9455937875000002,91.23147456690425,8,0.10678642714570878,42.92031,0.891,7004.7300000000005,46.77471044355765,56.06708
RW25,Skewed High 40C,5,18-Dec-2014 21:44:05,1.894144525,88.81895037330776,7,0.1077844311377251,42.59931,0.8899999999999997,6819.42,46.569691856883914,58.0598
RW25,Skewed High 40C,6,27-Dec-2014 03:57:09,1.854676388888889,86.96823709546024,6,0.10967098703888369,42.59931,0.8879999999999999,6677.39,45.91586914351242,55.45861
RW25,Skewed High 40C,7,04-Jan-2015 07:22:27,1.8207097222222226,85.37549502050513,5,0.11044776119403052,42.66045,0.8869999999999996,6555.14,45.82724933748998,56.28004
RW25,Skewed High 40C,8,12-Jan-2015 11:46:51,1.7861000000000002,83.7525992171928,4,0.11277445109780482,44.02088,0.8849999999999998,6430.56,46.000955997606454,56.06708
RW25,Skewed High 40C,9,20-Jan-2015 15:13:06,1.7473750000000001,81.93673257776285,3,0.11277445109780482,42.69102,0.8819999999999997,6291.33,45.837788520100645,55.13916
RW25,Skewed High 40C,10,28-Jan-2015 13:01:01,1.734876388888889,81.3506561166686,2,0.11365902293120715,43.50116,0.8839999999999995,6246.44,45.47425114671265,55.42818
RW25,Skewed High 40C,11,05-Feb-2015 08:33:58,1.7133972222222225,80.34346948806294,1,0.11500000000000021,43.01202,0.883,6168.53,45.34831947678476,55.702
RW25,Skewed High 40C,12,13-Feb-2015 06:50:01,1.694088888888889,79.43807611522902,0,0.11553784860557735,43.01202,0.8810000000000002,6099.53,45.06205958385488,55.13916
RW25,Skewed High 40C,13,21-Feb-2015 02:01:28,1.6748972222222223,78.53815339721586,0,0.11653386454183266,42.69102,0.8799999999999999,6030.2,45.009429454021074,56.26482
RW26,Skewed High 40C,1,14-Nov-2014 20:13:31,2.1471693611111116,100.0,16,0.11653386454183266,44.93351,0.8810000000000002,7730.6,25.0,25.0
RW26,Skewed High 40C,2,23-Nov-2014 02:07:07,2.081788888888889,96.9550388801939,15,0.11454183266932293,42.91611,0.883,7495.22,47.839365845448384,58.73773
RW26,Skewed High 40C,3,01-Dec-2014 05:31:34,2.046365277777778,95.30525699746526,14,0.11864406779661084,43.51216,0.8789999999999996,7367.47,47.48777582670043,57.62744
RW26,Skewed High 40C,4,09-Dec-2014 06:52:41,2.0144958333333336,93.82100312249601,13,0.123383084577115,43.66499,0.8739999999999997,7253.13,47.15590686388069,56.97344
RW26,Skewed High 40C,5,17-Dec-2014 03:02:16,1.9860694444444444,92.49710248364845,12,0.12823061630218732,43.29819,0.8689999999999998,7150.63,45.947261510956125,56.54758
RW26,Skewed High 40C,6,24-Dec-2014 17:08:12,1.9602791666666668,91.29597330190418,11,0.1326021934197408,44.07764,0.8650000000000002,7057.59,45.278961031826576,54.44869
RW26,Skewed High 40C,7,01-Jan-2015 03:35:52,1.9409281013888888,90.39473720808415,10,0.1326021934197408,42.97724,0.8650000000000002,6987.67,44.86544285338393,56.54758
RW26,Skewed High 40C,8,08-Jan-2015 13:04:11,1.9192458333333338,89.38493013611965,9,0.1355932203389832,44.75011,0.8620000000000001,6910.14,44.40338193395231,54.19013
RW26,Skewed High 40C,9,15-Jan-2015 22:40:07,1.89771145,88.38201049115088,8,0.13147410358565792,43.09951,0.8659999999999997,6832.44,44.447313248843024,54.60078
RW26,Skewed High 40C,10,23-Jan-2015 07:14:15,1.884516666666667,87.76749057612633,7,0.13672654690618807,43.71084,0.8609999999999998,6785.16,44.29645316329368,55.17874
RW26,Skewed High 40C,11,30-Jan-2015 13:41:59,1.8603086194444445,86.64005053061007,6,0.1335992023928219,43.86368,0.8639999999999999,6697.94,44.1155647251554,54.43348
RW26,Skewed High 40C,12,06-Feb-2015 18:13:57,1.8418083333333335,85.7784377279042,5,0.13500000000000068,43.23706,0.8629999999999995,6630.99,44.31955714940825,55.14832
RW26,Skewed High 40C,13,13-Feb-2015 21:51:01,1.8277277777777776,85.12266479212286,4,0.13672654690618807,43.68028,0.8609999999999998,6580.57,43.93773333002424,54.23576
RW26,Skewed High 40C,14,20-Feb-2015 18:33:23,1.8127074444444442,84.42312363783027,3,0.13645418326693273,43.81783,0.8599999999999994,6526.4,43.68004064867583,56.578
RW27,Skewed High 40C,1,14-Nov-2014 20:17:31,2.134786111111111,100.0,10,0.1351888667992049,43.75914,0.8609999999999998,7685.74,25.0,25.0
RW27,Skewed High 40C,2,23-Nov-2014 07:44:24,2.0668081583333335,96.81570193735257,9,0.10149253731343316,42.97962,0.8959999999999999,7441.26,46.265797812532625,55.30391
RW27,Skewed High 40C,3,01-Dec-2014 22:50:16,2.014738888888889,94.37661592431196,8,0.10039761431411529,42.64336,0.8970000000000002,7253.84,46.49074110664666,56.12529
RW27,Skewed High 40C,4,10-Dec-2014 10:14:56,1.9614638888888891,91.88104975387856,7,0.10258964143426359,42.24595,0.8949999999999996,7062.05,45.87328242747032,54.96927
RW27,Skewed High 40C,5,18-Dec-2014 20:14:39,1.9199187888888891,89.93494846608365,6,0.1033797216699802,43.28532,0.8940000000000001,6912.64,45.79315688770215,54.10226
RW27,Skewed High 40C,6,27-Dec-2014 05:12:25,1.8817590458333335,88.14742779331264,5,0.1033797216699802,42.10839,0.8940000000000001,6774.87,45.63783328595547,55.50165
RW27,Skewed High 40C,7,04-Jan-2015 16:59:39,1.8495333333333333,86.63787550925606,4,0.10578842315369337,42.2001,0.8919999999999995,6658.86,45.61235783441304,53.15919
RW27,Skewed High 40C,8,12-Jan-2015 23:40:58,1.8246681416666666,85.47311284112511,3,0.10557768924302777,42.96434,0.891,6569.69,45.29567935472846,52.67245
RW27,Skewed High 40C,9,20-Jan-2015 23:20:58,1.8000430555555558,84.31959746162445,2,0.10547263681592028,42.36823,0.891,6480.9800000000005,44.89472058526861,53.11356
RW27,Skewed High 40C,10,29-Jan-2015 03:23:15,1.7828875000000002,83.5159780514051,1,0.1076769690927215,42.85734,0.8890000000000002,6419.58,44.948530480035814,53.64593
RW27,Skewed High 40C,11,06-Feb-2015 08:30:31,1.757575,82.33026207413442,0,0.10956175298804813,42.33766,0.8879999999999999,6328.26,45.15949745684617,55.24306
RW27,Skewed High 40C,12,14-Feb-2015 11:33:34,1.7456076236111109,81.7696730611836,0,0.1094527363184083,42.65864,0.8879999999999999,6285.11,44.70859497250915,53.15919
RW28,Skewed High 40C,1,14-Nov-2014 21:10:50,2.127788888888889,100.0,11,0.2690763052208833,42.86528,0.7279999999999998,7661.03,25.0,25.0
RW28,Skewed High 40C,2,23-Nov-2014 07:12:54,2.078296801388889,97.67401325580545,10,0.10462776659959767,42.78904,0.8940000000000001,7483.03,46.22058138756197,54.5386
RW28,Skewed High 40C,3,01-Dec-2014 18:16:56,2.036880555555556,95.72756800225586,9,0.10400000000000009,43.47521,0.8940000000000001,7333.7,46.56747647101203,55.63116
RW28,Skewed High 40C,4,10-Dec-2014 03:52:30,1.998866666666667,93.9410238066642,8,0.10431293881644944,43.82592,0.8940000000000001,7197.0,46.11800734096964,54.05302
RW28,Skewed High 40C,5,18-Dec-2014 10:43:47,1.9565680555555556,91.95310990543129,7,0.10494450050454096,43.39897,0.8940000000000001,7044.59,45.598492262666156,55.2518
RW28,Skewed High 40C,6,26-Dec-2014 17:53:12,1.9156694430555559,90.03099193998987,6,0.10578842315369337,44.77131,0.8919999999999995,6897.07,45.74263884875628,54.31099
RW28,Skewed High 40C,7,04-Jan-2015 01:48:30,1.8669958333333334,87.74347131346573,5,0.1057401812688826,42.08762,0.8929999999999998,6721.86,45.214880256759635,54.23512
RW28,Skewed High 40C,8,12-Jan-2015 07:39:38,1.831636111111111,86.08166536989363,4,0.10721442885771564,43.68869,0.891,6594.5199999999995,45.22004943196644,54.79657
RW28,Skewed High 40C,9,20-Jan-2015 09:16:31,1.8066597222222225,84.9078464342223,3,0.10810810810810866,43.99365,0.8899999999999997,6504.95,44.69103947082869,53.67366
RW28,Skewed High 40C,10,28-Jan-2015 12:45:00,1.7819367138888889,83.74593566091039,2,0.10800000000000054,42.43833,0.8899999999999997,6415.66,44.84257714587777,53.90128
RW28,Skewed High 40C,11,05-Feb-2015 15:26:30,1.76767285,83.07557480117597,1,0.10824230387288977,43.24649,0.8879999999999999,6364.5199999999995,45.16743212713332,54.09855
RW28,Skewed High 40C,12,13-Feb-2015 16:27:32,1.7467569444444444,82.09258698387998,0,0.10810810810810775,42.37734,0.8890000000000002,6288.639999999999,44.592156010192795,53.15773
