soh,rul
100.0,14
99.87630998873664,13
97.9372579020955,12
97.63131045611031,11
94.43493860168427,10
94.52755118073176,9
91.30035288369557,8
90.9272591550547,7
89.1034314508671,6
89.08108528807125,5
83.91028016565579,4
83.43258608791001,3
81.52283441912084,2
81.66582583601881,1
79.06499974476759,0
78.72488529456805,0
76.30375708767203,0
76.55315563410674,0
73.04135627198895,0
72.88105704676853,0
70.41677135615929,0
71.00029235714776,0
68.61158198363995,0
68.73028614538703,0
67.09596540506713,0
66.76554110269691,0
71.68908844897574,0
70.55274063280406,0
66.25868443261169,0
66.31329681410263,0
64.6885600846974,0
64.75770487043143,0
63.03027852156118,0
63.0848385969774,0
62.11382610649889,0
61.98163784970987,0
61.10807999581023,0
61.066289165747946,0
61.01884808632029,0
60.81824202531243,0
60.473389731966186,0
60.12990999244911,0
59.81282513131212,0
59.54386981422394,0
58.75252769603344,0
58.902560080719766,0
58.0976631979364,0
58.12168806088985,0
56.95004537833732,0
56.87977359226056,0
55.60473843979399,0
55.48574046242813,0
54.84840791313348,0
54.56491488827119,0
55.00722937572801,0
55.17596048604211,0
55.3901443157086,0
53.603384713499935,0
54.88551420053579,0
54.25571902953339,0
53.308707270942165,0
53.53601906354227,0
55.50262451862169,0
54.228137220909964,0
52.205970582639296,0
38.98811279814961,0
49.97881802855819,0
50.28211470344313,0
46.129122550680215,0
45.23394869761852,0
44.819212571489956,0
44.253139657219535,0
42.073243089333346,0
42.09558421377474,0
40.67463566399214,0
40.82585259233282,0
40.192146929023515,0
100.0,13
99.85194018234924,12
98.15728543092105,11
97.94762623434212,10
96.47150847816408,9
96.38835313707308,8
93.27233580983177,7
93.61645616799652,6
90.89564229178389,5
90.39889732710228,4
84.41702214954988,3
84.59882573389874,2
80.60743781147565,1
79.69326226597394,0
74.88937270132426,0
74.68631859279357,0
72.05119469545825,0
71.63810723711285,0
69.11494410241194,0
68.9997996214088,0
67.7732075168957,0
67.35786320019164,0
65.48968379239518,0
65.42647371728228,0
64.22624930095412,0
64.18488988093554,0
69.68469703548628,0
68.40539117735727,0
63.74149077062098,0
63.63390762074362,0
62.31558290621677,0
62.321287068294126,0
60.83223545624305,0
60.99878372340831,0
60.85644498133876,0
60.96515569813838,0
61.33055370841852,0
60.921114260704,0
61.35041613139157,0
61.20536472861692,0
61.376187005037295,0
62.07912548987103,0
61.42532836133362,0
61.51812778231076,0
61.44052464707248,0
61.4867471968993,0
60.71010722368818,0
60.88868012982235,0
60.90625690831648,0
61.17156677237904,0
60.20551392893534,0
60.596564683644246,0
59.91207452020808,0
60.588998311631045,0
60.287952270118716,0
60.65392872222999,0
58.92014726594421,0
60.200674146395095,0
59.04762865562627,0
58.83451850731801,0
56.18175150402255,0
56.521812422284725,0
58.7860994571266,0
57.7893966253096,0
54.18788154812644,0
53.45224362254698,0
52.583191912397574,0
52.74459588762615,0
48.345923828496694,0
41.22583650202024,0
47.165980427779594,0
47.576711403912384,0
33.09282894664863,0
46.23804306064657,0
38.76009882513861,0
45.61843926637193,0
45.36606325818243,0
100.0,34
99.84771796951046,33
98.94648415561227,32
98.79549600920642,31
97.98033298315522,30
97.60801490270016,29
96.73488739542746,28
96.48295599167027,27
95.937463417343,26
95.82344327389552,25
94.1816287517126,24
94.18275653040047,23
91.65860016232584,22
91.78636055207639,21
89.52901727797017,20
82.44638668411692,19
87.7423892325239,18
87.76361675914714,17
85.73698499081728,16
85.34814711845587,15
84.44827511672659,14
84.43325405453587,13
83.32752804704204,12
83.26736127626938,11
82.26316659495035,10
82.10893627553293,9
81.17220439855897,8
80.94520253573208,7
83.33708043402247,6
83.01913188681928,5
81.92660615042004,4
81.698315378711,3
80.6085899510895,2
80.535776615987,1
79.5092930317136,0
79.41907604356498,0
77.93208780360943,0
77.68306238191094,0
76.9065992596465,0
76.63888605221324,0
75.61696068126606,0
75.65291480448411,0
74.6544097636603,0
74.46556637001926,0
73.48167051103366,0
73.59656449888176,0
71.97912076932674,0
71.6498676354924,0
70.5109098023979,0
70.34395868864345,0
69.95465062656734,0
69.68943921581867,0
68.88174834547483,0
68.76064543876149,0
67.89473190740361,0
67.06200210803138,0
67.05400715814486,0
66.7969897053448,0
66.6968379030564,0
64.84292954365802,0
64.97009569533516,0
64.38083282347911,0
66.07253402330721,0
65.50814715921273,0
60.94310122287163,0
61.936284124754884,0
60.16564306029672,0
60.4546879419057,0
56.28115507696872,0
56.061924545302546,0
54.90393623459033,0
54.757001948745334,0
53.15450266327715,0
52.93707036846003,0
52.07022879617258,0
51.91523315808436,0
100.0,14
99.85347980497518,13
97.46526961569731,12
97.28808531937827,11
94.39727113585262,10
94.52631537131249,9
91.28453122806832,8
90.85410746491593,7
88.41907821384402,6
88.40861721483184,5
84.25460747418516,4
83.76111050787487,3
81.71688828977231,2
81.70132920896307,1
78.61553312693827,0
78.54985394326694,0
76.23453030114435,0
76.22835513370215,0
72.65693484783881,0
72.55755535722324,0
68.84548972041324,0
70.05903181467876,0
67.55077557052171,0
67.4817197352705,0
65.94084185882681,0
66.03546861303043,0
69.96984848765734,0
69.21235298323856,0
64.44068083889266,0
64.9045525208359,0
63.48677795933716,0
63.45516203955051,0
61.77991971514301,0
61.43830665557888,0
58.24048644969583,0
60.956596785427685,0
59.602203960348824,0
59.87781625983531,0
58.20638888962454,0
57.53556077575589,0
56.882278008331724,0
57.56417862619275,0
56.93948245862608,0
56.064267610893204,0
55.036000270132114,0
55.50089646789003,0
54.47909521627784,0
53.85203115523858,0
53.380547308874895,0
53.39022439504969,0
52.78686310392406,0
53.35467024017924,0
51.2456533887016,0
51.29266167540181,0
51.645025199090014,0
51.849967094199314,0
50.44657786293707,0
50.953804758033115,0
50.41830754277754,0
50.753787808566365,0
49.28938036457243,0
49.362474939948555,0
47.73473025188497,0
47.98718461412155,0
51.20559703172462,0
49.53137372779686,0
47.210753377313665,0
46.865805245330286,0
44.68829626078873,0
45.465885225626536,0
42.22720773425354,0
40.95719465138389,0
39.28864730013533,0
39.91480244601991,0
37.1041041544732,0
37.41769597158846,0
36.218060782376796,0
36.168627530171364,0
35.69378934461179,0
35.76158721162733,0
100.0,7
100.26357949563953,6
93.94918329295182,5
91.84088724104663,4
89.11584681985266,3
85.8963160907378,2
82.91575425449932,1
79.87386988534655,0
77.51485975307332,0
75.66568437744048,0
74.26667041718144,0
71.30644081289752,0
69.70482137460395,0
68.02011348841909,0
65.82592678998783,0
63.987620100180706,0
62.04725968212217,0
62.397339009237484,0
59.87008167772985,0
57.72080177643857,0
56.66827648416515,0
56.220902213754364,0
54.479433513362984,0
53.53719031237859,0
53.21386201161153,0
52.566965528840804,0
52.1656646173784,0
51.42014944571063,0
100.0,7
99.77330149235681,6
92.13655815556912,5
89.25716791703104,4
87.1844339485215,3
84.19174377110635,2
81.33658531140325,1
79.6119375712936,0
78.00851421665303,0
75.36928055375793,0
73.7631860057029,0
70.56274349360267,0
68.16641704070481,0
67.05293405759004,0
65.6893398221217,0
63.75308971061787,0
63.43281547363018,0
60.98560097535294,0
59.02016486508567,0
58.30172536827533,0
58.10826408536032,0
56.87453908618869,0
55.422466112325566,0
54.42080853160013,0
53.446921224332556,0
51.885543280535394,0
52.65886448184226,0
100.0,7
93.96235436975424,6
91.20786188350623,5
88.47986908586812,4
85.71370872126806,3
83.54199075992213,2
80.73309568666077,1
78.57199625810722,0
76.6637221410089,0
75.13987910507267,0
72.0326762220433,0
70.81063051935699,0
67.23114265835946,0
66.39607922076907,0
65.07704833451896,0
64.54719449243413,0
61.96235547720859,0
58.38720772977073,0
57.552122012804766,0
56.07907745144789,0
56.049436761751394,0
53.8829303502422,0
52.41299200287678,0
51.739995843788996,0
50.70395009419876,0
50.4186177406368,0
100.0,8
100.21910813400623,7
95.99630275408292,6
93.89439105355201,5
90.95890303731231,4
87.8773646751244,3
84.69654599737905,2
80.99479091448127,1
77.96407513732579,0
73.6287477177595,0
70.63011689898391,0
68.60250235970132,0
66.22238399303862,0
64.07819061951047,0
62.2227310175319,0
60.32903401296645,0
58.65757619046686,0
58.206052968200936,0
58.04741522198151,0
56.39793794393205,0
54.76026934840932,0
54.07359137083155,0
54.01899372029173,0
52.595801916853716,0
52.428356075831374,0
50.48560598499836,0
50.368974444777116,0
48.87815943949022,0
50.28952410026398,0
100.0,11
96.89180955976896,10
94.14534545922382,9
91.23147456690425,8
88.81895037330776,7
86.96823709546024,6
85.37549502050513,5
83.7525992171928,4
81.93673257776285,3
81.3506561166686,2
80.34346948806294,1
79.43807611522902,0
78.53815339721586,0
100.0,16
96.9550388801939,15
95.30525699746526,14
93.82100312249601,13
92.49710248364845,12
91.29597330190418,11
90.39473720808415,10
89.38493013611965,9
88.38201049115088,8
87.76749057612633,7
86.64005053061007,6
85.7784377279042,5
85.12266479212286,4
84.42312363783027,3
100.0,10
96.81570193735257,9
94.37661592431196,8
91.88104975387856,7
89.93494846608365,6
88.14742779331264,5
86.63787550925606,4
85.47311284112511,3
84.31959746162445,2
83.5159780514051,1
82.33026207413442,0
81.7696730611836,0
100.0,11
97.67401325580545,10
95.72756800225586,9
93.9410238066642,8
91.95310990543129,7
90.03099193998987,6
87.74347131346573,5
86.08166536989363,4
84.9078464342223,3
83.74593566091039,2
83.07557480117597,1
82.09258698387998,0
